ticker,rating
F00000ZI14,3
F00000Z00F,3
F0GBR04LI4,2
F00000XGZ9,1
F0GBR04HV5,5
F00000T1HU,3
F00000Y0PQ,4
F000002JKJ,3
F00000ZY50,2
F0000045LZ,5
0P0000M65O,4
F00000ML67,4
F00000Z6X7,3
F000000FCF,3
0P00014G97,5
F000001X63,4
F0GBR06LJ8,4
F00000YXHM,2
0P0000ZVOC,5
0P0000MLIF,4
F00000S4PM,2
F00000VIF2,5
0P0000M6WO,4
F000002FB8,3
F00000OZ4B,3
F00000QTR2,5
FOGBR05U69,3
F0000000DD,4
F0GBR04VI8,1
F00000P989,4
F00000VP7L,3
F00000SKEB,2
0P00016SW9,4
0P00016GTM,3
F00000WY0X,3
F00000MJTZ,5
F00000OBRC,5
F000001W8C,3
F00000Z4B5,1
F000014GG3,2
F0GBR06O1N,3
F00000PT9G,1
F00000NZEL,5
F00000EXOT,3
F000001GIG,1
F0GBR04UKD,4
F000000I19,4
F00000LKPR,2
F00000P0HN,3
F00000TNE3,3
F0GBR054PS,3
F00000VFET,3
F00000QP5V,2
F00000PFG3,3
F00000W8MW,3
0P0000NO9E,3
F000002SPL,2
F000015BVH,5
F00000PXF0,2
F00000MFMF,4
F00000067F,2
0P0000UHBZ,4
F000000RX3,3
F0GBR04TXP,3
F0000008YE,3
F00000TQMH,5
F00000P2T6,2
F0GBR0613Y,3
F00000PLW9,3
F000013T18,2
F00000NRF2,2
F00000MTB9,5
F0GBR04V7B,4
0P0000NO9C,3
0P0001B545,3
0P0000SKUU,5
F000002J9J,3
F00000PEGB,3
F00000O7OW,2
F00000JNMK,3
F00000XK9D,3
F00000QS7R,2
F000010AB6,5
F00000WARM,3
F0000020AI,4
0P00016NEV,4
F00000OZZU,5
F000000GZ7,5
F00000WFIQ,3
0P00016I1F,2
0P00013LPN,3
F00000Q0OC,3
F0000155BI,4
F00000LX1L,2
F0GBR04C2N,3
F000002XK3,5
F0GBR06OAT,3
F00000SRPL,4
F0GBR058S1,3
F00000QGQJ,3
F00000027O,3
F00000MSMF,2
F00000WZIY,4
F00000QTLZ,4
0P0000IZNV,3
0P0001FI9X,2
F000011004,4
F0GBR05XKT,3
F0GBR04FHH,4
F0GBR05ZSF,4
0P00013LQ0,3
F00000QTRG,2
0P0001D5HU,3
F0GBR066CV,3
F00000P8QI,5
F000002KGQ,3
0P0000N6CT,4
0P0000SJP9,3
F00000WWVJ,4
0P0000WGAN,4
F00000Z2BB,3
F000010L3W,1
F00000X4GE,4
F00000YHWE,4
F000014JVT,4
0P00016CZG,2
F0000009GD,4
F00000YG9O,2
F0GBR04TV1,3
F000010P2G,3
F00000YQSU,3
0P0000Z9QD,3
F00000PBH0,4
F00000OYYI,5
F00000PLWB,2
F000013L9K,3
F00000N701,4
0P0000N6OS,4
F00000X11M,4
0P0001D3FV,3
F00000MS1F,3
F00000OYVM,4
F00000PVHC,2
F00000X5SX,3
F00000VSM3,2
F00000XDA1,3
F00000WJPC,3
F00000YF40,5
F0GBR04ALK,3
F0GBR06IPR,3
F0000028TZ,3
F000005HA5,4
F00000V3WU,5
F00000S6DS,3
F00000PM8S,4
F0GBR04DMP,4
F0GBR06KJN,3
F00000ZA09,3
F00000QHT6,5
F00000Z6LS,2
0P00016SWU,2
F0GBR06IIZ,4
F00000Q2LH,3
F0GBR04LHY,4
F00000UKR0,4
F00000QM1F,4
F00000P8AJ,5
0P0000Y4K7,5
F000002XLQ,2
F0GBR04DDI,3
F00000VDIO,3
F00000OU7R,2
F00000WHSZ,2
F000000IK5,5
F0GBR04RSI,4
0P0000ZJM7,4
F00000OYNR,4
F00000LOEC,5
F00000MO73,3
F00000NDUP,2
F00000X2RS,5
F00000VF11,3
F00000WOOB,3
F00000LYI2,3
F00000W90I,4
0P0000MLQ1,3
F000010NXF,3
F00000QTRE,3
F00000P9TF,3
F0000002FX,4
F0000140EW,3
0P0001BZ7T,2
F00000PQ0Y,1
F00000QTWG,5
F00000WOU5,3
F00000QTRB,4
F00000PBG7,4
F00000OLVW,4
F00000LHX5,2
F00000QL77,2
F00000NY97,3
F0GBR04IXS,3
0P0000Q1VX,4
0P0000N68P,2
F00000YFOT,3
F0GBR050AQ,4
F00001071Q,4
0P00015MGO,3
F000002HT3,3
F00000ITR0,2
F000000KQL,4
0P00016PRX,5
F00000QLNF,3
F0GBR04S6H,2
0P0000JNLJ,2
F00000242A,1
F00000XXI4,3
F00000T21U,3
F00000O5BI,3
F00000OI17,2
F00000NJGR,2
F00000MQV9,4
0P0000G0L2,4
0P00015GSO,3
F000002SD8,3
0P0000NBN3,4
F00000XGJH,3
0P0000KSI1,2
F00000TH5G,3
F0GBR0602H,3
F000002JUP,4
F0GBR04AHW,4
F0000000F7,1
F00000PINE,3
F00000LO7Y,5
F00000P07O,4
F00000XVJA,4
F0000026QQ,2
F0GBR04SCW,3
F00000P0VO,1
F00000W0VT,1
0P0000YELA,2
F00000WN4Z,2
F0GBR05TUZ,2
F00001407J,3
F00000YWJG,3
0P0000N5QD,2
0P00017WWZ,3
F000011019,4
F00000VHMU,5
F0GBR04O44,3
F0GBR05PYV,2
F0GBR04BG8,3
F00000ZGUC,3
F00000W5MF,5
F00000YX5J,4
F00000O7F4,2
F00000PR3H,4
0P0000M858,3
F00000O5V2,2
0P000132KE,3
F00000NFFO,4
F00000OZQP,3
F00000OWQ5,3
F00000XMV9,3
F00000T4D3,4
0P000132F8,3
0P0000A9P8,3
F0GBR04TV9,4
F00000QKW4,1
0P0001A1Z2,5
F00000TW6F,3
F00000PBNG,2
F0GBR04AX1,3
F0GBR04KN7,4
F00000OXXP,5
F00000YHGT,3
F000000GWG,4
F00000UNHK,4
F0GBR05SNC,2
F00000SX2Q,2
F00000PR3D,5
F00000M9MD,3
F0000004K4,4
F0GBR06XFC,5
F0000020P2,1
F000001WAK,4
F0GBR04C6O,3
F00000W9MZ,2
F0GBR0641R,3
F00000UPFS,2
F000002OQC,2
0P0000YYFE,2
F00000SGH5,4
F0GBR04EGD,5
F00000QIXK,4
0P0001JN1B,3
F00000JYXI,3
F0GBR04SN7,4
F0000009H4,2
F0GBR06GI9,4
0P000192KF,2
F00000TPEJ,4
F0GBR04AMP,3
F00000UQWX,3
F00000WRSG,4
0P00017CIH,3
F0000101DK,3
0P0000F39B,3
F00000OZXA,3
F0GBR04DB3,4
F00000PY8F,4
F000000FW7,3
0P00016SSJ,4
F00000SIXD,4
0P00017DOX,2
F0GBR04RX3,3
F00000P8QA,4
F000002PHS,3
0P0000XZ3T,3
F00000LWJ8,1
0P0001IDYY,2
F00000VAK0,3
F00000WSJH,4
F00000S9KA,1
0P0000N6IM,2
F00000W222,3
F00000HH4H,4
F00000WMC4,4
F00000QSD9,5
F00000EXOC,3
F00000H32T,2
F00000Z0PM,2
F00000WJEL,4
F000000AEW,3
F000005I6Z,4
F00000MLUO,5
F00000WL9U,1
F00000MDAD,4
0P0000M6AG,4
F0GBR06A4O,3
F0GBR04D26,1
F00000ZG4Z,5
F0GBR04O4O,2
F00000WNAH,3
F00000SVGS,3
F0GBR04DDC,4
F00000W420,1
0P0001038G,3
F0000008T5,4
F0GBR06W4J,2
0P000156L2,3
F00000PKR3,4
F000013L8R,2
0P0001ANR9,5
F0000102FP,1
F00000HH88,3
F00000YHHI,2
0P0000N6IC,4
F00000MN62,2
F000010TTA,5
F00000O8GA,1
F00000WYID,3
0P00016T8D,5
F000000GOT,4
F00000WYB3,3
F00000UNFB,4
F00000H0DS,3
F00000TH5B,4
F00000ITDV,4
F00000P9TH,3
0P0000P13S,2
0P00019K92,2
F00000X246,4
0P0001D5IH,5
F000013C1J,3
F00000LZ1J,4
0P00018K89,4
F00000MMKR,3
F00000LIVG,3
F00000SY2W,3
F000002GPC,1
F000005Q72,3
F00000Q0VD,3
0P0000HP4W,3
F00000W29K,4
0P0000O9KD,4
F00000UON2,1
F0GBR04BYS,3
F00000OUXZ,5
0P0001AP99,4
F000000F84,3
F00000PAKQ,3
F000010UCV,4
F00000W0TM,2
F00000XIYU,2
F00000WFC8,5
F00000WYTW,3
F00000XRXB,3
0P0001342C,3
F00000SSTD,2
F00000PEIF,3
F0GBR04Z26,4
F00000W4UY,5
F000000R6J,1
0P0001D5L8,3
F00000TWP9,5
F000001UZN,4
F0GBR06IHA,4
F0GBR04BCH,4
F00000ZW57,3
0P0000TIYW,3
F000000C19,2
F00000MJVX,2
0P000197B7,3
F00000X2JE,5
F000013INB,4
F000010L6O,3
F000002K0W,1
F0GBR04DZU,2
0P0000A4SU,4
0P0001773B,4
F00000J71E,4
F00000MV5S,4
0P0000M64E,4
F00000NK9T,5
F00000PBIM,4
0P000172JY,3
F00000ZKWA,5
F000001V3Y,3
F00000QSPX,3
F0GBR04AMI,3
F00000PTXM,4
F00000JUKL,4
F00000SGSV,2
0P0001IHBY,4
F00000VKQ1,2
F00000OTJN,5
0P000153HV,2
F0GBR04ERH,4
F0000021D0,3
F000010UCS,5
0P0000Q1W2,4
F0GBR04SR7,3
F00000P8RQ,4
F00000PF7O,4
F00000Z6XJ,3
F00000XH9O,3
0P00018WE6,3
F0GBR06ALF,3
0P00015DQI,5
F00000M7N3,3
F00000PYNX,4
F0GBR04OSD,1
F0GBR04BKB,4
F0GBR04L10,3
0P00016SQU,3
F00000UDLZ,3
F00000WALM,3
F00000T1NO,2
F0GBR04CZU,4
F00000XF5S,3
0P0001EDKN,3
F000000FQ5,3
F0GBR04ACO,4
0P0000US0P,4
0P0001342K,1
F00000PXI3,5
F0GBR058R0,3
0P0000NN94,3
F00000JVS7,3
0P0000N6H7,2
F00000WZJP,4
F0GBR04AFB,2
F00000462E,3
0P0000M863,4
F000001EZW,3
F00000VDAD,4
F0GBR054A6,3
F00000MWJT,3
F0GBR056K0,2
F0GBR05WOP,3
0P00011NAB,3
0P00016SCK,4
FOGBR05KAH,2
F000002NXW,4
F0GBR04OSJ,3
F00000NAGX,3
0P0000N6GQ,4
F00000P8BS,1
F000001V41,1
F00001486A,4
F00000LJRS,4
F00000W8AL,3
F000000RTA,3
F0GBR04JK8,4
F0GBR06IGQ,2
F000001A88,3
0P00014IK3,4
F0GBR06W8S,3
0P0000NO9G,3
0P00011USQ,4
F0GBR06WS9,3
F00000QFBF,3
F00000SYCO,4
F00000UIMJ,2
0P000132H7,3
F00000PX9Q,4
F0000028LN,4
F00000QKW3,1
F00000Q0KO,3
0P00019A43,5
0P00012SFN,4
F0GBR0573W,3
F00000XF6K,4
0P00016SPH,4
F00000JQPU,4
0P000155EM,3
F0GBR060J5,2
F0GBR06IAA,4
0P0000M2XC,2
F00000W33L,2
F0000045EV,5
F000002MXG,2
F00000JRPF,5
F00000NFDK,3
F00000JY2J,3
F00000PSE0,3
F0GBR067Z9,3
F00000PXID,4
F0GBR06HT7,4
F00000YCNW,1
F00000XGVL,4
F000014TUB,3
F00000P0VC,3
F00000QHNJ,2
F00000XUXG,4
F000002PHY,3
F00000Z2PA,3
F00000Q8S3,1
F00000JQ85,3
F00000VYH5,2
F0GBR05275,2
F00000S8T0,3
F0GBR04K4T,2
F00000SVXK,4
FOGBR05JNS,2
0P0000M7SO,3
F000000F54,4
F0GBR04S9F,2
F00000UISA,4
0P0001H33Q,3
F00000YB8T,4
F00000OCUX,3
0P0000NR65,4
F000004621,4
0P00016T20,4
F00000Q494,3
0P000155EH,3
0P000151KU,3
F00000X3NW,2
F00000YYLA,4
0P000188I4,3
F000002JKK,4
F00000J5DN,4
0P000187EH,3
0P000151M9,2
F0GBR06I2G,3
F0GBR04S2V,2
F00000OO5F,2
F0GBR04DZL,3
0P00016SZ0,2
F0000045LX,5
F000001X7F,2
F00000253I,3
F0GBR04MY2,3
0P0000UVYG,3
F00000ZG5J,4
F00000N60R,1
F00000V7B5,3
F00000T1ET,3
F0GBR06DJS,4
0P000151TJ,3
F00000YCN2,3
F0GBR06KG0,3
F00000ORS1,4
F00000M9ZQ,4
F00000Z2GP,5
F00000Q6KO,3
F0GBR05ZUJ,3
F000010L87,4
0P00016SIW,3
F00000NHOG,1
0P00016BB3,2
F00000ZNDH,5
F00000P7ZY,3
F00000QNUQ,2
F00000UIMN,2
F0GBR0506U,5
F00000VXBM,2
F0GBR04SRJ,3
F00000OO7J,2
F00000SY0N,3
F0GBR04CPM,3
F00000SX1V,4
F00000QECR,4
F00000X724,3
F00000QBOB,5
F0GBR04CQI,2
F000001VJT,4
F0GBR06Q3M,3
F00000S994,4
F00000GUPD,4
F00000M7ZP,3
0P00015TAW,1
F00000NMIL,5
F0GBR06PVM,3
F000002JQ3,3
F0000002SF,4
0P0001CY5H,3
F00000UNY2,2
F00000PBFU,4
0P0001IHCD,4
0P0000N6B4,3
0P0000TROL,3
0P0001AW6M,3
F00000PR3G,5
F0000150TH,3
F00000XVXY,3
F0GBR04RXI,3
F00000MSZB,4
0P00000H6I,4
0P00014G9B,5
0P0000SM0H,3
0P0000GGNQ,2
F00000WCNF,4
0P00015WQB,4
F00000NL9Z,3
F00000HHG1,4
F00000TU7N,4
0P0000PUKA,2
F000011D4L,3
F00000S7J4,4
F00000QFBG,3
F00000PR3C,3
0P000132FP,5
F00000YP4V,5
F00000TFHW,1
F000014JG4,4
F00000PI8U,4
F0GBR04KWJ,2
F00000OL13,4
F0GBR05WPC,5
F00000OKY1,4
F00000VBOL,4
F000002TB2,2
F00000EXOB,3
F000000IYD,2
F00000S3ET,4
F0GBR064O3,3
F00000PF62,3
0P0000OMQC,4
F00000Y85B,3
F0GBR04LIH,4
F0000150TD,5
F0GBR04OQW,3
0P00011MSM,3
F000010L3D,3
F0000124TW,5
F0GBR06K35,2
F00000XIZI,1
F0GBR054VC,3
0P0000M7RV,3
F0GBR04OBH,3
F0000023SB,4
F000013YT4,4
0P0000OPUI,4
0P00014ZQX,2
F000000116,3
F00000W79E,4
F00000VKYE,4
F00000JQ86,3
0P0000N6II,2
F00000461X,4
0P0001CKQ7,3
F00000TWPA,5
F00000JYXN,2
F0GBR05Z3H,3
F00000OXH0,4
F00000W3VL,4
F0GBR066C6,1
F00000UI4N,2
F000000ECD,5
F000003VYE,3
0P0001BKYG,3
F00000UDC5,5
F00000V5FM,2
0P0000M67O,4
F0GBR061Y4,4
F00000RM4F,3
F000000JYF,3
F00000QTPR,5
F00000U5S9,3
F00000LMV4,3
F00000Z5CD,4
F00000GWWG,3
F0GBR04AUY,4
F00000NULW,4
F0GBR04AH0,2
F00000T8HA,3
F000000QYE,3
F00000Y0OH,1
0P000111F7,5
0P00016SLV,4
F00000WMSI,5
F0GBR063H9,4
0P00011RSY,4
F0GBR04XC0,3
F00000PHKQ,2
F00000YFOX,3
F00000MV81,4
F0GBR04TSN,3
F0GBR04AXV,3
F00000OPUJ,4
0P00011NAC,3
F00000ZGET,1
F00000ZNQP,4
F000001U51,3
F00000WL8X,3
F00000ITRC,2
0P0000ZQNW,3
0P0000KWRD,3
0P0000PY7K,3
0P0000TFBC,3
0P00012S65,5
F00000LO6Z,3
F0GBR04KNO,4
F00000MCMG,4
F00000S8GR,4
F00000W0H4,2
F00000OEM0,1
F0GBR04WIV,2
F00000UDWL,4
0P00016SJ6,4
0P00013D8K,5
0P0000I5AK,4
F00000YQ0S,3
F00000024E,3
F0000045LW,3
F00000ZDTG,3
F00000MHIZ,3
F00000UKKI,3
F0GBR061QO,4
F00000TH5C,4
F0GBR05U0X,2
FOGBR05JVH,3
F0000044AI,5
F00000NGUY,3
F00000QOA4,1
F00000VQRZ,2
0P0001618K,2
0P0001AJ8N,2
F00000MKF4,4
F0GBR04I1D,3
0P0000KNQK,1
F00000P5TL,5
F00000OUZ6,4
F00000LJLD,3
F00000VQXP,3
0P0000XZOA,2
F00000T3OI,4
F0GBR04TDF,3
F00000OTQT,3
F0GBR05RX1,4
0P0000KSHP,4
F00000VQS1,3
F00000SS41,3
0P0000SJ08,4
F00000VTXT,3
0P0001FI65,4
F000013L9P,1
F0000102KE,5
F0GBR04AC0,3
0P0000N6CL,2
F00000QK52,3
F00000SEBQ,5
F000000HR8,3
F0GBR05T8F,2
F00000S998,4
F00000OHTP,3
F00000TJJF,2
F0GBR06NG2,2
F000010O2O,5
F000002J8T,2
F00000OKGU,3
0P0000X9H9,2
F0000000EV,1
F00000LOFY,4
F00000ME78,5
F0GBR04S5L,3
F0GBR06IAX,4
F0GBR06KP1,1
F00000MWK8,5
F00000V3RS,2
F000002X63,2
F00000NG7I,2
F00000MTGG,5
F00000ZKZN,2
0P0000XZ3X,3
F00000N2H8,3
F000003WDH,2
0P0001CN3P,2
F000013P97,5
0P0000SAX9,5
F00000Q0O5,2
F00000NRHM,3
F0GBR06W4X,3
F0000028T3,4
F0GBR04DFP,3
F00000RG1Z,4
0P0001826K,3
F0000028LU,2
0P00017VK3,5
0P000197PW,3
0P0000869V,3
F00000VCVU,3
F00000MCUA,4
F00000YCVV,3
F0GBR04TW1,4
F0GBR05RDS,2
F00000OXY5,5
0P0000US0O,5
F00000MMM3,4
0P000187EK,3
0P0000ZLA7,3
F0GBR04S6K,4
F00000XPWF,3
F000014PJ2,3
F000003YN0,3
F0GBR04LVU,4
F000002NEX,3
F0GBR04JOL,2
F00000VPN3,2
F0GBR05TP8,5
F00000PEGE,2
F00000OPTF,2
F00000WOOE,3
F00000U2AS,3
0P00016RPY,4
F0GBR04SL2,3
0P00018V47,3
F000000PD4,3
F0000005S6,4
F0GBR04CPY,4
F00000O2HW,3
0P0000HYD1,2
F00000XOVG,4
F000013ES9,2
F00000PWOL,4
F00000UK2M,1
F000002DV4,2
F00000JZKP,3
F00000T0NO,2
F00000NOT6,4
F00000JRX0,4
0P0000NAK4,4
F00000VF9N,3
F00000NMM4,3
0P000090A2,4
F00000MO0T,5
F000003U77,4
0P00017CIV,1
0P0000909X,4
F0GBR04C3V,3
0P0000OP65,4
F0GBR04W70,3
F0000021D1,3
F00000249H,4
F00000SVX3,3
F000014PER,4
F00000PTMJ,4
0P000151L3,4
0P0000Z1FO,5
0P00000SSS,3
F00000M7MA,4
F00000PPQZ,1
F00000J8TB,4
F00000OPU1,3
0P0000UVYB,3
0P0000GGNM,3
F00000SVEI,1
0P000173AD,3
F0GBR04M0C,2
F0000118JV,5
0P0001529K,3
F0GBR059OY,4
F0GBR04DXP,2
0P0000VWWL,4
0P0001CQ4V,3
0P0000YUBE,3
F000005Q8S,3
F00000Q5EM,1
F00000VZ3N,2
0P00017K9H,3
0P00014MST,3
0P0001AO0L,3
F00000X3XH,5
0P000148G6,3
F00000PBU5,5
F00000OTU4,4
0P0001CKQF,3
F00000W911,1
0P0000M668,2
F00000YQMT,3
F00000033J,4
F00000YIG5,5
F000000FQ9,3
F0GBR05V5V,3
F0GBR058R1,2
0P0000M6BJ,4
F00000OKGY,2
F00000PTMM,4
F00000Y4ZF,3
F0GBR06HX1,4
0P0000SR4X,3
0P0000TGI5,4
F00000O0O1,2
F00000036W,4
F00000PY50,2
F00000VPNM,4
F00000YNFI,5
F00000QP4G,5
F0000043O5,4
F00000PWAU,5
F0000155AB,1
F00000TF4T,3
0P00017UJ2,4
F00000Y9WD,1
F000002BPX,5
F00000P0VJ,3
0P00011RSK,4
F00000OU9H,5
0P0001A3ES,5
F0GBR05KOA,3
F000015DKU,2
F00000NN3H,1
F00000H0A7,2
F00000YJXX,2
F00000WS0J,2
F000002QRP,1
0P0001GY9A,3
F000011HJM,3
F00000Q0O4,3
F0GBR06FCL,5
F0GBR04SGQ,4
F000010BAT,4
0P00015FXN,1
F00000PBJE,3
F00000YRG3,4
F00000QOA1,1
F00000ZL1F,3
F000013SKU,3
F0000002ZG,3
0P00016T73,4
F0GBR06I5M,4
F0GBR06Q3B,2
0P000097JO,3
0P0000N68Q,2
F0GBR04SDG,3
F0GBR05S31,4
F0000023UA,4
F00000VBDU,3
F00000Q9ZO,3
F00000T1MM,2
0P0001FI5J,2
F0GBR06GS4,4
F00000M8I5,4
F00000ZQR7,4
F000000DUW,3
F00000VWTH,4
0P0000I2AF,5
F00000XVRN,3
F00000TW2A,4
F00000V5QL,5
F000002ET7,3
0P0001JDCU,5
F00000LKHG,3
F00000QFDO,3
F00000OPUP,3
0P0000VWL4,4
F00000ZLPS,3
F0GBR04E0O,3
F0GBR04AXK,4
F00000OO80,3
F0GBR04S28,3
F00000Y64T,2
0P0000180W,3
F00000OOBC,2
F00000NPQQ,3
F00000X6FC,3
F00000MMB9,4
F000002PGN,1
F000005LOF,1
F0GBR04CJ2,3
F00000PZTW,4
F00000XJCE,4
F000002X67,3
F00000WEDC,4
F000011UDY,3
F00000OKY5,4
F000015UJY,5
F00000Y4ZB,5
F00000Z139,5
F00000YDPB,3
F00000YWBD,4
F0000020PH,4
F00000VR60,3
F00000OLVY,2
0P0001FI8M,3
F00000M9ZW,3
F00000XWMI,3
F00000NZ5V,2
F00000VXZB,1
0P00014Z7Z,3
F00000MWIM,4
F00000NGLW,5
F00000UF1S,3
F00000VZMI,2
F00000ZLQV,3
F00000YOZV,4
F00000PTME,5
F00000099T,2
F0GBR04JIQ,4
F00000XXS8,3
F00000WNYU,4
F00000YIFN,3
F00000SJT3,4
F00000UMRJ,2
F0GBR050DM,4
F00000SJWT,4
F00000W3B0,5
F0HKG05BY3,3
F00000W9RM,4
0P0000GH2N,3
F00000PHLK,3
F00000UD57,3
0P00018BE3,3
F00000O5FD,3
F000001EZV,2
F00000TJD3,4
F0GBR04IXM,2
F00000YQLX,2
F0GBR06XQ1,2
0P00014818,2
F00000VUJ7,4
F00000WADW,3
F00000QSV2,3
F00000WNYT,4
F00000WX3M,3
F0GBR06I3R,4
F0GBR06IH5,3
F00000YQH9,2
F00000OB2E,4
F000002X6Z,4
F00000OIQ8,3
F00000PKH5,5
0P0001D5WM,4
F000011S1D,3
F0GBR06OFS,2
F00000XBCA,2
F00000VH2E,4
F00000YFJ5,4
F00000M8KT,4
F00000287M,2
0P0000MY06,3
F0GBR04RTR,3
F00000WYC5,5
F00000NIXX,3
F00000WZVE,2
0P00011RSX,4
0P00017UIY,4
F0GBR05XFG,3
F00000TU80,4
F00000PBKF,3
F0GBR063N5,4
0P0000XZOT,2
F00001101O,3
F0GBR04M0Q,3
F00000OZML,3
F0GBR05TUK,4
F0GBR04SAT,4
F000005J39,4
F0GBR06HR2,3
F00000MCMF,4
F00000SVE9,4
0P000173HS,2
F000000C18,2
0P0000N985,5
0P0000NGM6,2
FOGBR05JFS,3
F00000Z525,3
F0GBR04LU1,2
0P0000N6CH,2
0P0000N989,4
F00000X0MC,5
F000000GWE,5
0P00013LFB,4
F00000230X,3
0P0001CD0D,4
0P00012SG4,4
F000015QLF,4
0P0001529G,4
F00000Y0QW,4
F000014PJJ,3
F00000W421,4
0P0000MEHP,3
F0000026SZ,3
F00000TUBL,2
0P0001AORI,2
F0000146AJ,3
0P000151TG,2
F0GBR06TLZ,2
F00000P8IL,2
F00000WPAN,3
F000005PKF,3
F00000P8QB,3
0P0000X05H,5
F00000H468,5
F00000NC0P,3
F00000QCGH,3
F000010L6C,4
F00000PICM,3
F00000Z4PK,3
F00000V8X1,4
0P00016SF2,3
F00000Y5RY,5
F00000Z1ZI,3
F00000WY0W,4
F00000NO6I,4
0P000163PW,5
0P0000MSVP,3
F00000NKOC,3
F00000JOD0,4
F00000MO74,3
F0000023L1,3
F00000WTQA,4
F00000VDOB,4
F0GBR06FNJ,3
F00000XOF6,3
F00000YT28,3
F00000M84K,3
F00000QHV0,3
F0GBR05A7S,4
F00000Y4U8,5
F00000PNGB,2
F00000ZM8N,3
F00000QDUX,4
F000000EDW,3
0P0000UOK2,3
0P00012K7J,4
F000005HPW,4
F0GBR05XBM,2
F00000OZQR,4
F00000LS3Y,1
0P0000SIGT,4
F00000X4WQ,5
F0GBR052KF,4
F0GBR04CMI,4
F0000028T7,4
F00000PBNC,3
FOGBR05KM5,4
F0GBR053ZG,2
F0GBR04JV7,5
F000001WDJ,3
F00000WRFG,2
F00000WQL3,4
F00000Z51R,4
F00000YJH7,3
F00000Y4BO,2
F00000OYDJ,2
F00000Y64V,2
0P0000I5NR,3
0P0001H335,1
F00000XCJW,3
F000010L53,2
F0GBR04KDL,3
0P0000M68E,3
0P0000JWM7,4
F000000F7V,3
F000000F87,4
F00000POUK,3
F00000PE6M,5
F000001UZK,4
F00000LJ1Y,3
F000000I1D,5
F0GBR04K89,5
F00000VSM0,4
F0GBR04M3D,3
F00000P9HS,4
F0GBR06FXM,2
0P0000NBFZ,4
0P0000CNQI,4
F000000HWY,3
F00000PJQT,4
F00000TULS,3
F00000NAZD,4
F00000X3NV,2
F00001101N,3
0P00011V8R,1
F00000PAOP,3
F00000OXIT,3
F0GBR04JNT,4
F000000ESA,1
F0GBR04AH9,3
0P00016SID,3
F000002EUG,4
0P0001H6PQ,3
F00000VN60,2
F00000P9UO,3
F00000OWJP,4
F00000MQQX,1
F00000W1RP,2
F00000TPDA,2
F00000YWC1,4
F000013D3F,4
F0GBR06D0F,3
F0GBR06A5L,4
F00000Y0PF,5
F000005H9B,2
0P00018IVV,2
0P00019CCR,2
F00000YGAT,2
F00000PKK2,4
F0GBR04T6B,3
F0GBR05RX2,4
0P0001CY2U,4
F00000GVOQ,5
F00000OK42,3
F00000WUOJ,5
F00000JUU9,1
F00000TQML,3
0P0000N66G,3
F0GBR06NXT,3
F0GBR06OA3,3
F0GBR0687G,4
F0GBR05WP5,3
F0GBR04DUU,3
0P0000ZLA4,3
F00000PKDI,4
F00000MO7J,2
F00000XQKH,5
F00000T8CY,2
F00000V5FL,2
F0GBR05UZW,5
F000002PHX,3
F000000KD9,4
F00000P7AC,5
F00000YVUL,3
F00000WY9Z,5
F0GBR04MY9,2
F00000YCRQ,3
F00000TW6H,4
F0GBR04TVB,3
F00000SKE6,1
F00000VOJQ,4
F00000OYNA,3
F0GBR06FPC,2
0P00014GY7,5
0P00011NM9,2
F00000OXG0,4
F0GBR055WP,4
F00000QJ44,2
F00000QP1C,5
F00000NBKC,4
F00000WQC6,2
0P0000M7ZS,4
0P0000TLCC,3
F00000LOEX,5
0P0000M2VN,1
0P00011RQS,3
0P000029GV,4
F00000PXEK,3
F00000NOQH,4
F0GBR05WPB,5
F000002QT3,4
F0GBR04OY4,5
F00000PINC,3
F000005KAV,5
F00000TJJ5,4
F0GBR06LXM,3
F00000PAGA,3
F00000OPVC,2
F00000YX3H,2
F00000068C,4
F00000MM9U,3
F000011DW0,3
0P0001H6PM,5
0P0001CY56,3
F00000XYUS,5
F00000OU81,3
F000002OFZ,4
0P000152HB,5
0P0000G5SF,4
F00000ZQX9,3
F000002API,4
F0GBR06645,2
F0GBR063N2,4
F0GBR064S6,4
F00000XLVC,4
F000013L9O,2
F0000003E7,3
0P0001CY5R,5
0P0000JM72,4
F000002XJZ,2
F000001VWU,3
0P0000SAX7,4
F0GBR0644N,3
F0GBR06O27,4
F00000MA1P,3
F000011G67,2
0P0000M696,3
0P0001CN6D,1
F000000J5Z,3
F00000HGSS,3
F0000009G1,2
F00000UFI1,5
F00000V9LP,4
0P00012S6B,5
0P00015909,2
F00000JR02,4
F00000MIC1,4
0P0001CY3P,4
F00000YC0O,2
F00000UP2V,3
F00000T2A5,3
0P000183UU,4
F00000MWJV,5
F00000OCUV,2
F0GBR05TZ5,4
F00000W1CE,3
0P00000ESH,2
F00000N2H6,3
F00000SVG2,2
F00000NRH6,4
0P00000SFE,3
F00000VSOH,1
F000010L0G,4
F000014G8B,3
F00000TFHU,1
F00000YSTC,1
F00000ZE5R,5
F00000JWFW,4
F00000ZOBC,3
F00000Q9T8,3
0P0001CCMK,4
F0GBR04WSH,4
F00000SC0I,4
F0GBR068QV,2
F000002K0X,1
F00000UNZA,3
F00000VA9A,4
F0000025F1,5
F00000WPQ8,2
0P0000RZ31,3
0P0000X4QR,5
F00000XXEG,4
F00000PRI8,2
0P000143QD,1
0P0001FI8P,2
F00000VSMN,3
0P0001H5E2,5
0P00016SCS,3
F000014ED8,1
F00000VA2I,2
F00000OO57,3
F00000T8Q2,1
F0GBR04EK1,4
F00000QKY5,3
0P00015HXH,2
F000014PEK,3
F00000NMM2,3
F00000WJRD,2
F00000Z7DE,3
F00000QNUM,3
F000000OJJ,3
F0GBR04IBK,2
F00000VFI1,3
F00000WBSA,2
F00000QK7Z,5
F000000JYA,4
0P0001D5LD,5
F00000S6EX,2
F00000NPKZ,3
0P00016CZD,5
F00000UP3D,2
F0000025P7,4
0P0000N6OU,4
F0000023WA,4
F0000001NQ,3
F00000ITQZ,3
0P0000MOAK,4
F00000PNDH,4
F00000PG44,3
F00000NOEB,1
0P00016TB2,4
F00000SY7X,1
F00000ON4H,3
0P0000N6HS,4
F00000PBNH,4
F00000X6FD,3
F00000VELF,4
F00000H339,3
0P0001A3ET,5
F00000UNFC,4
0P0001477L,3
F00000V8WC,4
F0000000ER,1
F00000XAMS,4
F0GBR04D0X,5
F00000PIN9,2
F00000QHN5,4
F00000PLVV,3
F00000W028,3
F00000PAOZ,3
F0000155BC,3
F0GBR04MMT,5
F00000XY8K,3
0P00016TAH,3
0P0000NGMA,4
F00000XKWE,3
F000010ONL,3
F00000W3VK,4
F000014GG0,2
F0GBR04K8L,4
0P0000WC7Y,3
0P0000Q5LG,5
F0GBR04S4M,5
0P00017T4H,2
F00000WYAD,1
F000010Y9Y,1
F00000VAZB,4
F000013LA3,2
F00000XIDA,3
F00000WY1Q,4
0P0000YAHZ,4
F00000WPQ9,2
F00000ZGOW,2
F00000PIZY,2
F00000OKYD,4
F000000RTO,3
F00000V80S,3
F00000P5T8,3
F00000YFOV,3
F00000M84L,3
F0GBR04SL1,3
0P00006PUR,4
F0GBR04D7U,5
F00000VU46,2
F00000VDIS,3
F00000YG9F,2
F00000SSOQ,2
F00000XPBM,4
F00000OKTI,4
0P00014AC2,1
F00000YQGC,3
F00000PJPE,4
F00000MMI7,2
F00000W5F9,4
F0GBR04AR8,4
F000000I6O,3
0P00015VBX,4
F00000N1ML,4
F00000NFJA,3
F0000140EU,3
F00000W7F4,5
F000005Q71,3
F000005J29,4
F00000W7F5,3
F0GBR04S8R,4
0P00014LO1,4
F0GBR04VKW,2
F00000OYN1,3
F00000V4O5,3
F0000002ZH,3
F00000PRO1,1
F00000WW7Q,3
F00000SCJT,2
0P00013LPU,3
F00000MMAH,3
0P000153I1,2
F000000S50,2
F00000T4P4,2
F00000RG4B,4
F0000040QB,3
F00000LNAI,3
F00000WYZY,4
0P00019WV1,4
0P00011NM6,2
F00000T1VK,3
0P00018V49,4
F00000VRM1,2
F00000XPWI,4
F00000V1UZ,3
F0GBR06FL1,4
F00000V4OX,2
0P0000I2AD,3
F00000OJM9,4
F00000YO4J,4
F00000ONIE,3
FOUSA09F2D,2
F00000VA68,1
F00000NFDH,3
F00000OO89,4
0P000132FM,5
F00000SX4L,3
F000011RIP,3
F0GBR04EFH,3
F00000W6MU,5
F00000ZJ0I,4
F00000TEDF,4
F00000UMAO,2
F00000UPGU,3
0P00013LHM,1
F00000P9MZ,4
F0000124RS,4
0P0001B72X,4
F000000JV6,3
0P00016RZ8,5
F00000ZQR0,4
F00000NGRX,4
F00000OO6C,5
F00000LOA6,3
F00000OZ3C,3
F0GBR06CO1,4
F000002IQT,5
F00000OKGV,2
0P0000PY1Q,4
0P0000N6LT,2
0P0000XOKU,5
F0GBR04RNI,5
F00000O2K2,3
0P000183WG,2
F00000YFGT,2
F0GBR04AH8,3
0P0000GC12,4
F00000MJVW,2
F00000UD6U,3
F00000VNDV,4
F00000QP18,4
F000013BHY,5
F00000TUBP,3
F00000MBVC,1
F00000OUYL,3
0P0001CLYT,3
F00000WDE0,4
F00000X24A,4
F00000P5ZI,2
F0GBR04ECB,3
F00000OO5G,2
F00000WK2T,3
F00000YJIE,3
F0GBR04NU9,4
F00000ZDHD,1
0P0000OOR6,5
F00000HH48,5
F00000PBFF,3
F00000PTA8,1
F00000YIFE,3
F00000OUZS,5
F00000LIQK,3
F000010P2D,3
F0GBR06N02,4
F00000P0Q7,3
F0GBR061I3,4
F0GBR06KVP,4
F00000WW12,3
F000000EAM,4
F00000NF9O,4
F00000Y4ZT,1
F0GBR04DGY,3
F0GBR04SJY,3
F00000W8AD,3
F00000OD5Q,4
F00000QTOJ,2
F00000O0GW,3
F00000QLN5,4
F000000KQJ,3
F00000PBV3,4
F000000RQ6,1
F00000V77Z,2
F000000PCS,3
F00000XYLP,2
F000000L1V,4
F00000MIZI,2
F00000QSDA,5
F00000PHBF,4
F000014MLU,3
F00000MKF1,4
F000000C24,1
0P00014GM1,4
0P00017F66,2
F00000SKC4,2
F0GBR04RT4,3
0P0000N6CD,2
F00000TUV8,3
F00000QK9K,5
0P00010223,3
F00000J4UQ,3
F00000TH58,4
F00000PWZE,3
F0GBR05XH7,3
F00000T2JK,3
F00000SX2R,2
F00000P0JS,3
F00000Z56A,5
F00000VPYV,2
F00000NRZL,3
F0GBR04VDE,3
F000000I76,3
F0GBR058QY,3
F00000T5QN,3
F000000LIN,4
F000001AI3,3
F0GBR04W1H,3
F00000SSRM,4
F0GBR06A3E,2
F00000X727,2
F00000PF61,2
F00000MWJR,3
F00000OO8Z,3
F000002XYP,3
F000010L02,4
F00000OMAQ,4
F000014TU9,2
F00000OYNS,3
F00000OZ3W,2
F000000DY3,4
F00000OPX7,5
F0GBR04VAG,3
F0GBR06PXK,4
F0000020PW,3
0P0000N675,3
F00000LVBE,3
F00000QK8P,4
F00000W960,5
F0GBR06PXP,4
F00000V7T2,4
F0GBR05VLH,3
F00000OMUB,4
0P0001JXD9,4
F00000XNBQ,3
F000005MPI,4
F00000T3F0,3
F0GBR05VCN,3
F00000WLPK,3
F00000Z9NG,2
F00000ZX5B,2
0P0000ZLEN,4
F00000LS3X,1
F00000W2V5,4
F0000155B0,2
F00000MAHZ,1
F000014PDS,3
F0000006QF,3
F00000VCDL,2
F00000W0HL,5
F00000QU91,4
0P000151L7,2
F00000YQGE,3
F00000Z0A7,2
0P00017IR4,4
F00000QKW5,1
F0000026T3,3
F0000022SJ,4
0P00018Z4N,5
0P00016TMR,4
0P0000M2JM,3
0P0001BTO5,2
F00000VDIL,3
F000001K7Z,2
F00000WW7Y,3
F00000OTTS,4
F000010P2T,1
0P0001BUTL,3
F00000WQY6,4
F0000023HL,5
F0GBR06U39,3
0P00015O7G,3
F0GBR05ZP6,4
F00000MABB,2
F00000TEXY,4
FOGBR05JLL,5
0P0000M7SU,2
F00000OJM7,3
F00000Z9VH,5
F0GBR04TVN,4
F000010KZB,2
F0GBR04V9X,5
F00000MAVW,2
0P0001A1JM,4
F00000V4P3,4
0P0000M6W4,3
F0GBR04CRI,4
F00000VXRZ,1
F00000VKYF,4
0P000131W4,3
F000002NR7,4
F0GBR04AFI,2
F000001UZM,4
0P00011RST,4
F00000OIP5,2
F00000PMQV,3
F00000TP7U,3
F00000H5NY,2
F0GBR04LG0,4
F0GBR05VCR,2
F00000TV9L,4
F000013BSL,4
F000005O6I,4
F0GBR05S7N,4
F00000OIPY,5
0P00017NJQ,1
F0000118JD,5
0P00015VC0,3
0P00015RMQ,4
F00000OUIO,2
0P000131W9,4
F00000JUHQ,3
F00000XP6C,5
F00000N7FW,4
F0GBR04AJ5,3
F00001081K,3
F00000J42I,3
F0GBR04BRI,3
F00000U3Y2,4
F00000YMB9,1
0P00012N05,3
F000000FBO,4
F00000SDVS,4
F00000XINK,2
F0GBR04RV9,3
F0GBR04M04,2
0P0001BJX6,4
F00000OPUK,4
F000013A93,5
F0000022CJ,3
F00000OKF3,4
F0000002OI,3
F00000T33V,5
F0GBR04RN8,5
F0GBR04WH1,3
F00000NGRY,4
F00000ZG4X,3
0P0000X47N,3
F0GBR06366,4
F000005F18,1
F0GBR04WXP,2
F0GBR06HWQ,5
0P00016I1E,2
F00000O2AE,2
F00000T21Q,2
F00000S8V3,3
F000000JU4,3
F00000OO8L,5
F00000PH2H,5
F00000YYTJ,2
F00000OWJJ,3
F00000N4DP,3
F0GBR04D6W,2
F0GBR05WPG,2
F0GBR04SGM,4
F00000UPJ7,4
F00000OD01,2
F00000YQKL,1
F00000Z22H,3
F00000ZH4E,3
0P0000TGOR,2
F00000YQGD,3
0P0001CN6E,3
F00000WKMP,2
F00000YY5A,4
F000005H7F,2
F00000VHS7,5
0P0001H349,3
F000005HYX,3
F0GBR04RO6,1
0P00001AID,2
F00000TQKZ,4
F000002XLO,3
0P0000KNQT,3
F0000118JC,5
F00000QAKH,3
F00000WCUQ,5
0P0000PVX6,3
F00000MEXR,3
F0GBR04HJQ,3
F0GBR0695D,5
F0GBR06FVK,4
0P0000M82K,3
0P00018Y0V,2
F0GBR04RYY,2
F00000Q3C8,3
F0GBR06LID,4
F0GBR05ARZ,3
F00000O9KY,4
0P0000M85K,4
F00000WQHA,3
F00000OO8E,2
0P0000A4T4,3
F00000QTM3,3
F00000NOX0,3
0P0001IJZY,3
0P0000NAGN,2
0P0000MOAF,3
F00000PMQQ,4
F0GBR06KSH,3
0P0000NFUS,2
F0GBR04AEC,4
F000000R3B,4
F000002MTE,2
F00000QBOF,4
F00000VFI3,5
0P0000TKWC,3
F00000W177,2
F00000TW97,3
F00000VEND,5
F000013INR,3
F00000NY0K,3
F00000XH8D,3
F0000003JG,2
F00000JTIC,3
F00000PVOV,4
0P0000N6JB,5
F00000VH56,2
F00000VR32,4
F000005KOL,4
0P0000NO9R,4
0P00015GSI,3
F00000YC70,3
F0GBR06OIE,3
F0GBR04F8R,3
0P00016SCE,4
0P00016T2L,3
0P0000YUBH,3
0P00017UIW,3
0P0000P0OF,4
F00000SSTT,2
F0GBR05PU1,3
F00000Z9WL,4
F00000T2AG,3
F00000ZY5H,3
F0GBR04C4S,2
F0GBR04DQE,4
0P0000N5QG,4
F000001L1F,4
F00000YIG7,2
F00000MV85,4
0P0000SC0A,5
0P00018Z4H,5
F0000007HL,3
F00000PANX,5
F00000MKEL,2
0P0000WUHD,3
0P00016SRC,3
F00000VQXO,3
F00000TX58,4
0P000146ZC,5
F00000XBWF,3
F0GBR04TNV,1
0P0001BVDH,2
F000013T25,3
F000010L56,4
F00000212D,4
F00000SVXE,4
0P00001O3O,2
0P0000SC02,3
F00000XDEN,3
F000002L8S,3
F00000SEH2,2
F00000XLUM,3
F000014I6J,4
F00000SEH8,4
F00000Z1ZJ,3
F00000TGAC,5
F000002T5H,3
F00000Q7R0,2
F00000VCUA,3
F0GBR05TTP,3
F000010P23,3
F00000PFTI,4
F00000PCBF,3
F000005OGH,1
F00000PYRK,5
F0000140FD,5
F00000YU3Z,5
F00000YX5G,2
F00000PG5V,2
0P00016SUM,3
0P0000G8AC,3
F00000PBGO,5
F0GBR06W39,4
F000011S35,4
0P0000N6PR,2
F0GBR051XW,4
F00000JZKE,3
F0GBR06JNC,4
F00000W9RL,4
F00000YVIE,4
F00000MNMJ,4
0P0000N6GR,4
F000011G3V,1
F0GBR054AO,3
F00000OZQJ,3
F00000Z36R,4
F00000SSRK,4
F000013D3A,1
F0GBR04RO1,1
F00000WM53,3
F00000ZDIG,4
F0GBR04TDD,4
F00000N7F7,5
F00000OQY8,2
F00000OYNV,4
F0GBR054AK,4
F00000WKMS,2
F00000P0QG,4
F00000PGEQ,3
0P00012R7A,4
F00000TOPO,5
F00000OO77,3
F00000OTNG,2
F0GBR061MQ,1
F00000Q0EV,3
F000005HCW,3
0P0001JN02,2
F00000OUI7,5
F00000QILQ,4
F0GBR04G1Z,3
F00000NXS2,3
0P00016LK2,4
F00000OBQZ,3
0P00017EIK,2
F00000Y61V,2
0P00014OA8,4
F0GBR04C00,3
0P0001FIA8,2
F0GBR04RSL,2
F000000IN3,4
F00000P5TQ,2
F0GBR04EZH,4
0P00016N3L,2
F00000ZHS6,3
0P00016SUI,3
0P0000OORD,5
F00000JU6H,4
F000010UCT,5
F000003XJU,2
F00000PF66,3
F00000WFVJ,4
F00000XGY6,2
F0GBR04BSP,2
F00000PEW3,3
0P0000M7CS,2
F00000WFW2,3
F00000HL4I,5
F00000QTJL,3
F0GBR04SES,2
F000003WDI,2
F00000VZGL,2
0P0000NC1P,3
F00000X14Q,3
F00000WJ2J,3
0P0001F50C,3
F00000XGED,4
F00000WN8U,3
F00000Y0QR,1
F00000QLX6,4
F00000P0XM,4
F00000QTR8,5
F00000T7LL,3
F00000PTMB,4
F0GBR05WNN,3
0P00017OYM,5
0P0000M80E,3
F00000XIZ1,2
0P00015O6B,2
F00000MZB0,3
0P0001KES7,5
F000015UJG,4
F00000YQMG,3
F00000TQKQ,3
F0000001U8,3
F00000W9PQ,4
F00000W0TN,2
F0GBR04BVX,4
F0GBR04TM7,4
0P0001H320,1
0P0000OMT6,4
0P00016T2O,2
F00000WDIV,4
FOGBR05JVN,3
F000013Z5I,5
F000000QY6,3
F00000N4D0,3
F0GBR06TWN,3
F0GBR04CO5,1
F000011G63,3
F00000Y8MF,4
F0GBR05TI0,4
F00000Q7PU,4
F000010L3I,3
F00000W9M1,2
F00000PKV5,3
F00000XX2G,4
F0000020Q7,2
F00000RW3O,3
F00000W5NN,2
F000000IYH,2
F0000106CH,4
F00000X0V4,3
F00000W34C,2
F00000OU8P,4
F0GBR06416,3
F00000098U,2
0P0000UAI6,4
F00000U42K,4
F00000VHMX,4
F0GBR04J1I,4
F00000VU3B,2
F00000Z2U5,4
F0GBR04B80,4
F00000MD46,2
F00000HHFZ,4
F00000NMDM,3
F0GBR04TXJ,3
F000003USJ,4
F00000NPG7,4
F00000YJG6,5
F000013D2J,1
F00000O1P2,4
F0GBR06ODV,2
F00000OPXE,5
F00000XM7H,3
F0GBR067HB,3
F000010Z85,5
F00000LWW8,3
0P00011MSL,3
F00000JWRA,3
F00000V1XQ,5
F000002029,2
F000010BB9,3
F00000V3WS,4
F00000VZ3R,2
0P00016DXP,2
F0GBR04AJ2,4
F0GBR04CZH,3
F00000M0UD,5
F000010FGC,2
F00000UPL0,4
0P0000M6BG,3
F0000105F4,4
F00000YHHB,2
F00000PYO9,5
0P0000OO6G,2
F00000SK3A,4
F00000XYH1,4
F000001UDF,3
F000000HX3,3
F0GBR06P37,5
F00000XOVE,4
0P0000M2VH,4
F000000NWW,5
0P0000N660,2
F00000W913,2
0P000187QO,1
0P00016SHJ,2
F00000QB5A,3
F000000F7O,3
F00000XYQU,3
0P00016TA0,3
0P00015O5E,3
F00000ZS1U,4
0P0001CJVT,3
0P00009PV3,2
F00000XMNY,4
F00000VMUD,5
0P0000NBBV,5
F00000VRLQ,4
F00000OY5N,3
F00000MB8B,4
F00000OW1G,1
F00000QLHM,3
0P00016SYQ,5
0P00014CY1,5
F00000OU7M,3
F00000VFWR,4
F000000LRX,3
F00000WA5W,3
F000002QE2,4
0P00017OEP,5
0P0001BVG7,3
0P00017JSH,5
F00000X5TC,3
F00000YX3Q,3
0P0001CX9F,3
F00000XMUM,2
F00000W770,3
0P00018B81,3
F000005H7I,1
F00000PBEM,4
F00000P987,3
0P00016CZF,4
F00000YSX2,5
0P0000KNPW,5
F00000YGAP,1
F00000WFAP,5
F0000155B5,5
0P0000NO7Q,3
F00000V3AC,1
F00000QLBX,4
F00000N622,3
F000002XD0,4
F00000MJHO,2
0P0000I2A5,2
F0GBR04BD8,4
0P0000N5XS,4
F00000XKDE,5
F00000QIPD,4
F000000EJI,5
0P00017FMJ,3
F000002J5G,3
0P00001O41,4
F0000020UJ,3
F0GBR04NRX,3
F00000YYI2,4
F00000T3F2,3
F00000YXNS,4
F00000MBCU,3
F000000GR3,3
0P00016PS0,4
F00000O1R3,3
F00000YZ9E,3
F0GBR04AG5,5
F0000006PG,3
0P0000ZVJN,5
F00000QHNI,4
0P0001GYAN,3
F0GBR04BX9,2
F00000LO9G,3
0P00013LER,4
F00000Y4KY,1
0P0000SIZL,3
F00000PXST,2
F00000QJ49,3
F000000KD7,3
0P00016KD6,3
F00000YOOZ,2
F000001FSL,3
0P000015ZA,3
F00000GVNQ,4
F00000NN3Q,4
0P000151MB,4
0P00016T2B,4
0P0001J470,5
F00000OP7B,4
F0GBR04F0B,3
F00000LZIU,3
F00000OPY7,2
0P0001034O,2
F0GBR04E0Q,4
F00000VPXO,5
F00000S7JE,3
F00000VI1T,3
F0GBR04G1X,3
0P00016R2A,3
F0000139KE,2
F00000U37K,3
F00000LOCS,4
0P00019UDV,1
F00000XK81,2
F00000OKG9,1
F00000UL95,3
F000000R67,2
F00000PGEK,5
F000003Y9R,2
F00000UO1Z,3
F0GBR04SKV,3
F00000W2KG,1
F00000VON0,3
0P0000M7CD,1
0P000159C3,3
F0GBR04VJF,3
F000013C1D,1
F00000WH5T,4
F0000106UZ,2
F00000ITXY,2
F00000LOFX,5
F00000OWFR,4
F000000GDA,4
0P00019EAD,3
F00000NCCI,2
0P0000M875,4
F00000OU8T,4
F00000TV7X,3
F0GBR04RRB,2
F00000XIMU,3
F00000OSWP,3
0P0000M4AU,3
0P0000KSHS,3
F00000Y4P3,3
F00000XYM8,4
0P0000XZ4R,4
F0GBR04E8J,2
F00000YCNT,1
F0GBR0666F,3
F00000ZQCZ,3
F00000O61V,1
F00000W5V3,3
F0GBR04RWJ,4
0P0001BVD9,4
F00000OCSN,4
F0GBR04D14,4
0P0000JWMG,3
F000000KVF,4
F00000NQ2I,3
F00000X2AS,3
F00000Y0QI,4
F0GBR06THP,3
0P0000RTGM,4
0P0000MWBC,4
0P000132FW,5
F000002IRE,3
F00000JVU0,3
F00000OD5P,4
F00000XBGM,3
F00000TEDE,3
F000002270,4
F00000YD7K,1
F00000YFBS,4
F00000SX1Y,5
F00000SY3M,3
F000013DOF,3
F000013T1R,3
F0GBR04ICE,4
F00000QG5U,4
F00000YFYD,3
F000002NFD,4
F0GBR06HX0,4
0P0001CY2L,3
F00000VBDN,3
F000003U7T,3
F0GBR05XB7,1
F00000TEM6,5
F00000LO7M,3
0P0001BVJ2,5
F0GBR04W1U,3
F00000ZHTB,1
0P0000HYB2,3
F00000HHG3,4
F00000SD9V,4
F00000JS29,3
F00000OXID,4
F00000PAEZ,3
F0GBR06IJA,3
0P00011NAF,5
0P00017F60,3
F00000NL9W,4
F000010L8S,1
F00000PZ8K,3
0P0001CKPV,3
F00000PBEJ,4
0P0001CO4L,3
0P0001EHTC,3
F00000PZ4L,3
F00000PH2V,3
F00000M0HL,4
0P0001CY3T,4
F00000OY3O,4
F0GBR04BB6,4
F00000PALH,3
F00000LOBN,3
0P000027G5,4
0P0000N68T,4
F00000UIC9,3
F00000Q6XZ,3
F000003VYU,3
F00000M9M4,3
F00000ZLU4,2
F000002L1P,3
F00000YGZ4,4
F00000Q1OM,2
F00000PBVB,3
F000002BTY,4
F000000ITQ,5
0P00014OA2,2
F00000VZYJ,5
F00000ON9V,2
F00000YCDO,3
F00000Q5XP,2
F00000WX9P,5
F0GBR05VWD,3
F00000PZ8V,3
F00000OS9I,5
F00000VZ3P,2
F00000PIN4,5
F00000ZTBO,3
F00000YCRD,4
F00000Q2MW,4
F00001101I,3
F0GBR04DTD,4
F0000001NU,3
F0GBR04WA0,3
F000002KQ6,3
0P0000TLC9,4
F00000TQMD,2
F00000NY33,5
F000013T14,3
F00000OWPY,2
F00000VZBS,4
F00000PH9L,5
F00000QTJ8,3
F00000SKOE,4
0P0001CKQ0,3
F00000OPTO,2
F00000YOJO,2
F00000U37J,3
F0GBR05Z73,3
0P00000ZF4,3
F00000QSWD,3
F00000OL6W,4
F00000SVCC,2
F00000ZB0N,5
0P0000N6CU,4
F0GBR04N8X,3
F00000T8GD,4
F0GBR04NRQ,3
F00000W7RI,2
F000002OH6,4
0P0000VCLM,2
F00000Q5PQ,5
F00000S6E0,3
0P0000XUMF,3
F00000YQ0T,2
F000002EWN,4
0P0000N9ZJ,3
F00000XAQG,3
F00000Q11Y,3
F000005O3Y,4
F00000X5XN,2
F0GBR058R2,2
F0GBR06W8T,3
F000013T29,3
0P00018DAD,4
F00000XJ87,5
F00000ZQD6,4
F000000LJF,3
0P000188I3,5
F00000W427,1
0P00014G99,3
F00000PCMG,4
F0GBR06IWK,3
0P0000KNQ8,4
F00000W8PM,1
F00000W5RL,4
F000002SMT,4
F0GBR054OM,4
F00000PVLZ,3
F00000X245,2
F00000W3HJ,3
F000011013,4
F00000Y84W,3
0P0000Q5M5,4
F00000020Z,4
F00000QI67,2
F00000PYS0,4
F0000009GG,3
F00000MOCB,5
0P0000N6JH,5
0P0001A2Y8,5
F000000QY7,3
F000010UU9,3
0P0000VYNF,4
F0GBR04FA1,5
F000001W4X,2
0P00016SDD,5
0P000151JL,3
F0GBR06FXP,2
F00000WBLL,3
0P000173HJ,5
F00000VBU3,3
0P0000SUL0,4
F00000QP1D,4
F00000YF41,5
0P0000PY20,4
F00000HLGD,3
F0GBR058S0,3
F00000WCWS,3
0P000151M2,3
0P0000M83J,2
F0GBR061O5,4
0P00016BWU,1
F000002IOB,1
F00000OPTJ,3
F00000OJM8,3
0P00017VK2,5
0P0000IZNS,4
0P00016R2B,3
F0000022Z3,3
F0GBR04AYB,3
F00001101C,5
F00000OKYB,5
F00000WLB9,2
0P0001CY3M,3
F00000V2ZX,5
F0GBR05ZOT,4
0P0000PY0Y,4
F00000WPNZ,4
F0000021NU,3
0P0000N6CE,2
F00000JNOS,2
0P0000M3WY,3
F00000LOAB,3
0P00016NKJ,4
F0GBR06A3B,3
0P0001C6FQ,4
0P0001AHPZ,3
F00000YGAK,2
F00000V4G0,1
F0GBR06IKI,3
F00000OO5W,2
F00000QNWQ,3
F00000QDSB,3
F00000MSZE,3
F00000VD3V,3
F00000460E,5
F00000S6NQ,3
F00000SX1X,5
F000001ZSC,3
F0GBR05ZX7,4
F00000LO7L,4
F00000UQ16,3
F000000LBX,2
F00000XMLE,3
F0000027KU,1
F0GBR04BPM,4
0P0001BOYC,1
F0GBR04CPU,3
F00000JQCY,4
F00000WF50,4
0P0000Z8WE,4
F00000S6PN,1
F0GBR04K6X,4
F000010FGG,2
F00000VN1M,5
F00000O8G4,1
F00000UED4,3
F00000WQBY,3
0P0000WFGE,4
0P0000TJ8L,2
0P0000N6H5,2
FOGBR05JY8,3
F00000T8EI,5
F00000Z0N2,2
F000000ARY,2
F00000W76V,3
F00000VRLT,4
F0GBR04UK5,4
F0GBR04K4A,3
0P0000UIZR,5
F00000NB3D,4
F0GBR06CX3,3
F00000OZFY,3
F00000YSC2,5
F0000000AW,2
0P0001DAPA,3
F00000VZYG,4
F00000OY09,5
F0GBR054RU,1
F00000VXQA,3
F00000ZM2V,5
0P0000MOAI,3
F00000XLDK,3
0P0000J2RD,3
F00000WGQF,4
F00000Q0GV,2
0P00000HUH,5
0P000185GZ,3
F000001VKG,3
0P00013LPJ,3
0P0000JBJL,2
F0GBR04L07,3
0P0000N987,3
0P00016TB6,5
F00000WFC5,3
F00000V370,5
F00000SCJV,3
F00000OU94,4
0P0000NR6E,5
F0GBR04AF8,2
F000002O5Q,4
F00000YIKE,5
F00000JV1S,1
F00000QTMH,4
0P0001E1LX,2
F00000T7RW,3
F00000283I,1
F00000NFCM,2
0P00016SX5,4
F00000XGRU,2
F00000ZIAH,3
F00000UIS9,5
0P0001037H,3
F0GBR05ZRV,4
F00000W6X3,3
F00000YRFX,3
F00000U23B,3
F000002NFA,3
F0GBR06IHB,2
0P000151L2,2
FOUSA06LV3,3
F00000ONN9,4
F00000UGZO,4
F00000W7CS,4
F00000IQQX,3
0P00012635,3
0P0000Q884,3
0P0001H33U,5
F00000VIEH,3
F0GBR06O16,4
F0GBR06XRN,3
F000000L82,4
F00000SDL7,4
F00000PRDT,1
F00000027Q,4
F00000OQA2,3
0P0000UHBW,4
F00000OUIK,3
F000014PD8,3
F0GBR06WBS,3
F000002YAD,4
F0GBR04DHU,3
F0GBR04CRK,3
0P00000IZ6,5
0P000019ZR,3
F000001VWT,2
F00000SQKB,1
F0000002FV,4
F0GBR06B69,1
F00000YQTQ,4
0P0001FI62,3
F00000JSYR,4
F0GBR063MI,3
F00000UDVR,3
F0GBR04GNL,4
F00000OOB1,4
0P0000M6N0,3
F00000T2A0,4
F00000LJ0M,3
F0GBR04RN2,5
F00000NRNE,5
0P000015NT,4
F00000W4UT,5
F00000XPI2,2
F00000WMDY,5
F00000WJEJ,3
F00000ZBC3,3
F000002A4D,4
F0GBR04DXB,3
F0GBR04F3D,2
F0GBR05TTO,2
0P0000TKWB,3
F00000OIQ2,3
F00000QB7N,4
F000001ZTN,2
F00000OLEB,3
F00000WBES,5
0P0000N6NU,2
F00000VKNN,3
F0GBR05TTQ,2
F00000ZM2X,2
F00000YS7O,5
F00000YQ0U,2
F00000JO7M,3
F00000HHFU,3
F00000IRA1,3
0P0000GGYS,2
0P00016SUT,4
F00000QA2L,5
F0000009AO,4
F0GBR04WBC,3
F0000002JF,3
F00000QJ1Z,2
F00000Q6BK,2
F0000005ZI,3
F00000LOC9,3
0P0000JWMK,4
F0GBR04P3R,3
F0GBR04N8Y,2
F00000OKG7,1
0P0000Z9T9,3
0P00016SWX,3
F0GBR04GM3,1
F00000V1F6,4
F000002A3U,4
0P0000N98B,5
F0GBR051V8,3
F00000P8TN,3
0P00015YTX,2
0P00016RQK,4
F00000YM5R,3
F00000YCE0,3
0P0001030V,4
F000014OO8,4
F00000P7MN,4
0P00012K7G,4
F00000PF65,3
F00000NACX,4
F0GBR04RP3,4
F00000NG7K,3
F00000J8TC,4
F0GBR06IRZ,4
F0GBR04SG7,3
F00000VDJZ,1
F00000J424,2
0P0001BO95,3
F00000LO8M,4
0P0000G5SR,4
F00000OWPF,3
F000002D2Z,3
0P0001H664,2
F000010BB2,3
F0GBR052EJ,3
F00000P0HW,5
F00000GVOK,5
F00000MZFF,3
F00000OOAV,4
F00000SFCZ,3
F0GBR04K59,2
F00000YIFV,4
F00000T8D6,3
F00000PBJ2,3
F00000WYBI,3
F00000NORC,2
F00000MKYK,3
F0GBR04AFK,1
F00000SG4R,4
F00000W7F6,4
0P00016T22,4
F00000SSUR,4
F00000T5R4,5
F00000SS6L,5
F00000YOTP,3
F0GBR06952,2
F0GBR065VC,4
0P0000HYB4,3
F00000WEEY,3
F000001LNP,3
F00000UG7C,1
F00000U4PX,4
F00000XKPD,2
F00000XAMT,4
F00000N705,4
0P0001EKK0,3
F00000XR4W,3
F00000Q29D,2
F0GBR06JSU,4
F00000P018,4
F000005F1F,2
F00000TW4Z,3
F0GBR04MWW,5
F0GBR04RU1,1
F00000OV0O,5
F00000NJP7,3
F000013GHG,3
F00000Y4ZD,3
0P00013L3T,3
F00000VZBQ,4
FOGBR05JVO,3
F00000M7RV,2
F0GBR04FJH,3
F00000NF64,3
F000002X74,5
0P00018V3X,3
F00000WZVB,2
F0000149SS,4
F0000002C7,3
F0GBR04EAX,3
F00000QGY3,2
F00000SG0E,4
F00000YB8C,3
F0000044CN,4
F00000SJY3,4
F000001VYK,2
0P0001AW6L,4
F0GBR04GEE,3
F0GBR06JIR,3
F00000P5S1,4
F00000OUZF,1
F00000Y4ZS,1
F00000TULX,3
F0GBR05Z2O,2
F00000PUHM,5
F0GBR04AXH,3
F0000045LT,4
F00000YIF6,3
0P00016RQN,4
F00000SVD0,3
F000002X9U,3
F000001K7Y,2
0P0000PY1T,4
F00000VXH5,3
0P00016T8Z,3
F00000Z5ST,4
F0GBR04S8Z,2
F00000TQLT,3
F000001ZL6,3
F00000VKME,2
F00000NHMI,2
F00000MJTV,5
F0GBR05KO9,4
F00000YE9L,3
F00000XPXG,4
F00000MKO3,5
F00000SK45,3
F00000X99Z,2
0P0000Y00H,5
0P00013LPR,3
F000010CDI,3
F0GBR06K36,3
F0GBR04LHG,2
F000002IO1,2
F0GBR06XQ6,1
F0GBR04W8O,2
F00000WHUC,3
F00000MVYV,3
F00000TF4P,4
F00000OYVE,4
F00000UP31,4
F0GBR04RYG,4
F000002P4I,3
0P00016SRY,4
F00000Y4ZZ,1
F000003W5Q,3
F0000003E6,1
F00000U5YI,3
F0GBR04EPM,4
F00000WE9N,4
F00000TGX7,4
F0GBR04S8L,3
F00000Z0A8,2
F00000SEO7,3
F00000UNGQ,2
F00000TF74,3
F00000TPEM,4
F00000X4GG,4
0P0000URZY,3
F00000THQW,3
F00000ZE5U,4
F00000M174,3
F00000PV98,4
F0GBR04NKX,3
F00000J87D,1
F00000QHGX,3
F00000VK7I,4
F00000QNWV,3
F00000OO63,2
F000013T0Q,3
F0GBR04E8P,2
F0000023W9,4
F00000T671,4
F0GBR05XB8,1
F00000QAKG,3
0P00015DQE,4
F0GBR06XFM,4
F0GBR04J0Q,2
F00000QJ41,2
F0GBR06G7K,1
F0GBR06MQ9,4
F000010L32,4
F00000ZE1L,1
F00000NN5Z,3
F00000PNSP,4
F0GBR04V8P,2
F00000YQND,2
F0GBR053M9,4
0P000192YI,2
0P0000N6PJ,2
F00000VK7J,4
F0GBR04HU5,2
F00000WBDU,4
F00000OXG2,5
0P00018SUB,5
0P00016SD1,3
F00000VQY5,5
F00000462D,3
0P0000N6MK,3
F0GBR04DTV,5
0P0001BO8V,3
FOGBR05KM2,3
F0GBR06ODW,4
F00000P2T2,2
F000003YUZ,3
