ticker,long_term_projected_earnings_growth
F00000Z0GN,8.172631827302178
F00000OWP8,7.451959264095896
0P00017OJC,9.865762198070687
F00000V5QN,10.65913629160026
0P0001GYAP,12.057206105137537
F00000OMKZ,12.926182007122911
0P00013ED7,12.590044318865813
F0GBR064T6,11.46444011721181
F00000QNNS,10.362475219005026
F00000PA6T,9.831455150495673
0P000163AY,5.496016542943349
F00000WC8A,8.373292101212542
F000010ML4,9.112526433840609
0P0000SIH9,10.318109669240915
F00000XSB3,6.614605756740884
F00000YP98,6.929950722419139
F00000PTMT,8.891036476182288
F0GBR04N67,10.622509356805981
F00000YRHV,8.550871014141672
0P0001342L,14.427816122689709
F00000XURE,10.854318341396263
0P00015DQH,9.371443300927051
F00000T8EN,11.24015275949085
F00000NAGD,21.084527038237677
F00000NJZ7,10.770963914983605
F0000020MP,11.153063717689896
0P000099PH,7.104573633948322
F0000009A6,9.580195959284483
F00000MSZA,6.951451136727075
F0GBR06FLW,5.682744671194561
F0GBR04VDB,10.661538429463132
F000011D48,6.445179395364213
F000013L9Y,32.06118858954136
F00000VU45,19.075834250413845
0P00002ACW,9.372010835375796
F00000POC2,8.494402435028704
F000014LQU,6.9298361371532895
F00000OWJN,8.408956457989134
0P00000NA3,8.229464463361778
F0GBR04HV9,6.959765874562428
F0GBR04OHZ,7.363418881116832
F000003VYM,8.82300615812731
F000000I18,8.387089856603133
F0GBR059O4,9.196932569148583
F000002K89,8.518003151006209
F000000GME,13.194974108688474
F0GBR04V77,15.426981442861372
0P0000M3XC,8.990115361427907
F00000THA8,10.104676373705567
F00000OOOD,4.54618572492546
F00000Y8CQ,11.372495501297081
F00000PZHS,6.566313125398053
F00000Z36I,12.613102931066924
F000000RTP,8.179086039580595
0P0000IWF0,9.604628697744594
F00000PVHA,10.026499619585195
F0000028B2,10.49637224351187
F0GBR04BPF,7.340798588235894
F0GBR06TVJ,5.153398768762414
0P0001C5SO,6.619290427245598
F00000W79Q,9.32272151366002
F0GBR05TYN,12.726621524047133
F0000003F5,9.884049475467437
F00000ZMPG,11.511927893664248
0P00013M7O,12.826662069321277
0P0001FTR6,9.82665499425289
F000011S15,10.596550149801104
F0GBR06OGW,5.931112779253139
F00000NNLJ,10.980214071925099
F0000102KF,14.982311538951574
0P000151IJ,11.031422666690634
F0000000XQ,9.355249871185324
F00000OYNL,5.37231642136555
0P000151JP,11.027426952333743
F00000OUI5,9.378466592405267
F00000UICJ,8.82407732297651
F0000124ZN,11.137248747773933
F00000204K,12.05621330859201
0P0000P76H,6.173483923036193
0P0000MOC6,9.052326114339145
F0GBR04AEV,12.22645767492796
F00000VP6M,8.932525942328144
F0GBR058QQ,10.339011304257975
F00000Z11X,9.62650392410148
F00000OIPK,9.213986721226222
F00000Q3PJ,5.843499088063568
F00000YWMN,10.752818241146427
F00000TULR,10.877301428789586
F00000WMTD,18.04916206967841
F00000YZBD,10.298595460216843
F000011HJN,11.438084270044547
F0GBR04NMF,10.151122626133963
F000010L07,10.332829474759174
F00000YQI8,7.706634628359807
F00000M1HS,14.49453790021137
F0GBR04AXQ,6.546879600170334
F0GBR04AR7,9.44435532124664
0P0000M74U,6.940099456964501
F00000YCY2,13.926861183506107
F000014PD7,9.494380461126047
F00000YA33,9.860836522134198
0P000161EY,10.65288214468363
F000014XX3,9.34275514810843
F00000GUKU,11.664653140748817
0P00016T8R,9.209435076390866
F0GBR06I2C,10.48970986724707
F00000OST4,9.04162150326631
0P00014DQ7,9.08142273055132
F00000WYK2,9.62256307002252
F0GBR055SF,9.81399643796436
F0GBR04U3R,17.032133089292337
F00000YJZO,10.00866761597314
F00000LI6M,17.96801300639304
F0000024ST,9.176785491141825
F0000009GP,10.095891737535789
F0000025OZ,14.353461746559756
F00000OCZX,6.167403366740726
F0GBR04C02,9.698123805976293
F00000V4U7,8.30119231722362
0P00018OAP,9.260456917460244
F00000O55W,6.968729868440623
0P0000TGER,5.655315513141005
F00000NGAA,3.9622989661137855
0P00016JKZ,7.533282405339365
0P000132J9,5.8608132731636635
F0000020IA,11.479060760233784
F00000MWTA,9.410731778550579
F0GBR06142,11.456086233540427
F00000VQXN,9.440302593512468
0P0001603E,7.69126321758962
F0GBR04PCY,12.172034161114013
0P00018Z45,12.195787527758503
F000013C35,11.246798592520916
F00000PNDK,9.290610241461119
0P00017CIL,10.127343769163268
0P000159BX,10.90799307451952
F00000VI21,18.495281996044156
0P0001F1VF,8.985947267894025
0P00016NER,11.518406310723448
F000002Y73,9.79600014598562
F0GBR04OSB,11.034500515438609
F000002J6W,6.140538426060013
F00000SDL5,10.892600184295782
F00000MEXM,7.444202778631868
F00000VCHE,9.328710158448738
F00000257D,9.679919035685543
F000003W9B,10.422651124063309
FOGBR05KLR,8.568857185402221
F00000TGHD,10.212339431615165
F00000NFDI,7.366525929442251
F0GBR06U6U,21.883143304428412
0P00015EI1,7.915763938365824
F00000MQQT,10.764647418241667
F00000VA6B,4.4024164306702085
F00000UHNQ,11.7254858739777
F00000QA0B,11.199375564135613
F0000040T4,3.9105114570684476
F00000PMQL,9.045934094347956
F00000WYA1,15.819192570444098
F00000PAP8,11.63648593226953
F0GBR05WS6,7.097737776513426
F000000FBR,4.582580955550056
0P0001BVD8,8.598413182957971
0P0000191W,8.998506576071225
0P00016SUG,10.572863660981973
F00000MKF8,6.953408704786724
F000010AB8,6.935482374386208
F0GBR05XI2,9.823344285229927
F00000P8SS,9.304693256178137
F00000NGA5,7.514592063553053
F00000OTEG,13.819202112296464
F0GBR06GI8,12.342792467322424
F00000PO8E,10.251628969095801
F00000SZFM,7.654340450838903
F0GBR063VI,9.952807123212379
0P00016SL5,7.585804755252334
F000002XVH,10.224224358314016
F00000J4SL,7.193383993243316
F00000ZO6L,19.86204949612896
F00000SX1U,13.566351489250998
F00000LO9N,9.283451946902952
0P0001CLZC,8.523459642883784
F00000NFCN,9.941394399258684
F0GBR04TU9,14.386641763487013
F00000ZN2H,13.83248055945415
F00000QB7Q,10.242981189739064
0P00012S63,10.508805532259634
F00000WYWF,8.5605093948553
F00000W9RO,6.396550755666995
F0GBR04W5G,15.467662673041403
0P0000G7SS,14.858427985459716
F0GBR05S10,9.265374045610029
F0000118JS,10.482372848167735
F00000UQY5,5.614059908827727
0P0000N6H1,9.715130065238554
0P0000PY17,9.251078865789191
0P0000M82J,4.5485934176950265
F00000Q0GX,9.894797572637758
F00000NUL2,8.594057159694994
0P000090A7,4.593605049515335
F00000OLVT,10.023719128028159
F00000MO7H,4.426946007842381
F0GBR06HPZ,25.16161839575725
0P0001FLNB,9.468438875899228
F000001AU0,11.788206771189978
F00000GUKQ,8.875566677518725
0P00012QSG,20.8245163385775
F0GBR04SRR,9.77138285278683
F00000OQGS,13.640805784630057
F0GBR05AVL,14.395332606506244
F00000P5TG,8.59676382622408
F000013T3H,7.980663039576128
F00000M96L,13.490053709296578
0P00015DQL,10.46063738232345
F00000X3YC,7.0690619827006556
F000001GDW,9.2157412598144
F00000QA1U,8.644239542854478
0P0001H2ZX,4.5443893082590066
F0GBR05ZM4,7.932081930728191
F0GBR04VDH,10.031652133969946
F00000MEXI,10.818072435436763
F00000QO9S,23.485243670259873
F00000QCPX,11.48108824689464
0P0000UOK1,8.160760654640889
F000002NXT,11.607928896520438
F00000SFIW,6.200910029767065
F00000TGGI,10.449562584973433
F00000LOAK,9.880932385973283
0P00018CYK,9.27509604242291
F00000407F,7.848795539268869
F00000LYI4,9.226921409125618
0P00016SCU,7.941459067088132
F00000YQ0V,14.777340661898007
0P00016SRW,9.261421479410544
F00000JUG0,12.323307944872276
F00000YSTZ,10.375450180333136
F000002MUW,11.71364424260929
F00000XIZB,8.01166372797907
F0GBR04FZ2,9.618925141927583
F00001103L,8.610141221556605
F00000TQOH,18.011411438416186
F00000SK46,8.94068609445163
0P00017FML,13.552590755574377
0P0000GH31,8.804681520710155
0P0001ANGU,11.068786540398701
F00000YQ0Q,14.48016810963312
0P0000O8T9,20.72808451278415
F00000LIYA,13.500496641567546
F000001AU6,7.772044945963084
F00000YBS8,6.658134829788014
0P00016SWA,9.431487507273701
F00000VZ3V,18.215989955036864
F0GBR05XAX,7.094474187963048
0P0000M859,11.182156296284575
F0000043LM,8.935067311271075
0P00011V8Q,8.886320588913746
F00000X5CH,8.762324911558526
F00000NQ2J,10.447607680555159
F00000W8V6,8.859612572333534
F00000X3NT,4.404356395831595
F00000Y4L0,17.07377072564609
F00000XAT1,9.089905137542573
F0GBR063XB,10.49727263832006
F0GBR04EF8,7.452557858535865
F00000OXI9,37.11292532437751
F00000YXG6,8.972289012060365
F00000VQID,6.3835265514064155
F00000YPWA,19.286861883223445
0P00016SPM,7.329862632562493
0P00012S64,10.387362551892757
F0GBR06U20,8.602936026576321
F00000XVOR,6.108311910301869
F00000VTVQ,12.376991406432142
F00000MKYQ,6.39387339623219
F00000WS8N,10.345335933412041
F00000PBGL,13.806872120042115
0P0001030Y,6.337901634447359
F00000OUST,9.904643882437556
F00000UMEU,24.1781097213369
F0GBR04F2B,7.907803845863868
F0GBR04DG3,10.666087624806382
F000000428,5.2038085640083
F00000QLNI,7.528806172139128
F000005ETU,10.692127193471316
FOGBR05JPK,8.45730288318802
0P0001FAGW,4.124403129487757
F0000140FH,18.830551349308465
F00000ZTV4,5.938533335543576
0P0000AAU4,8.155913522353128
F00000ZB0L,9.880494315632538
F00000WL9O,5.645490181421824
F000002835,10.972974163850406
0P00015O7D,5.554974146732679
F00000JWHD,13.940454920037423
F0GBR04XC6,8.044863561995045
0P00016F7B,9.049693050438487
0P0001FIAE,4.6307772271861065
F00000V4ZA,9.246772440842749
F00000PI2Q,5.097379544791235
F00000WHEZ,8.276662369551131
F00000NDHH,6.348674596871498
F00000PEVN,8.969331425165516
0P0000N6Q0,12.091602439357827
F00000PXHM,10.54086456234128
F0GBR069D5,38.23745493438523
F00000PRO2,9.813130334472808
0P0000M87B,7.187720342637806
F00000TQLU,8.022312099752186
F00000JYXL,8.024454824412151
F00000PXK4,10.939310213768522
F000002QJ7,10.867341803119356
F0GBR05XFD,10.053197671103142
F00000VS3R,11.909628687702785
F00000OES2,9.493953226821695
0P0001FI66,7.386129546926283
F00000OZTT,9.313398759468505
F00000OSOL,9.673531830338392
F00000TF4N,11.507285785885838
F00000VOAS,10.997644504533763
F000003W97,10.401474997528496
0P0001GY98,11.973371934667183
F00000ZECM,11.753546769131198
F00000ZDCD,20.188642982843934
0P00016SIC,12.448532176347289
F00000XP0G,11.489843808948129
F00000OELZ,10.244505597880098
F00000XXVU,6.582249561931736
F0GBR06KPU,7.889218347524705
0P00011EXV,8.543272738205847
F00000066L,8.7290429054063
F000013QZH,11.956655894392583
F00000ZVG7,9.256143858427542
F00000W6IO,12.773788897241904
F00000QB5I,7.81606902971619
F0GBR068VD,9.419179003658808
F00000LXRY,12.664752838982322
F00000Y8YN,5.6588485389952865
F00000JNML,9.60940675452192
0P000151KZ,7.881887211315244
0P00000J08,8.496845105552865
F00000XASW,9.086761435867828
F0000009KL,16.572215469392543
F000001FSC,12.841195225105169
F000002SPE,12.885858903584275
F000015ODX,9.118311965673874
F00000GV0E,12.810914991754968
F00000P01B,8.22382843710405
F00000SJM7,9.608417213202706
F00000ZG4V,9.013938068240236
F0GBR04RNY,11.821806199657575
F00000S3FC,8.60202790767407
F000000H7T,11.026812358004069
0P0001CKPI,10.589044585916165
F00000ZNSA,24.607311743547474
0P0001ANHH,11.198986014944952
F00000UEOG,6.570972075896632
F00000TFUO,8.230997759812508
0P0001D5IS,8.973176655683222
F00000TJ3S,10.422742498753864
0P0000UVZO,6.986794369537851
F0GBR069U2,7.591635998707914
0P0000N6GZ,14.087069808490645
F0GBR06KJM,9.661772139974543
F00000NZF6,8.774688425707264
F00000QT03,12.097491014862086
F00000VH2A,9.936196377286509
0P0001HR6R,9.461204666235979
F00000X0WS,11.433099115866854
0P00008HJ2,11.43751404061328
F00000V5FR,8.485455536150226
F0GBR05ZLC,9.060347629965554
F0GBR04VZA,12.336102787678755
F00000EXO8,9.160366989919822
F0GBR05TKX,13.562833255565376
F00000PWV6,10.844351956738077
F00000UOS6,11.989467322213656
F00000ZDIS,10.203313181739183
F0GBR061LR,9.706100797340225
0P0000N6JQ,7.319349111640004
F0GBR04TPT,13.650751710735273
F0000026VU,6.814042427444795
F000010L35,10.365500117661199
F0000008ZN,12.43407175107601
F00000TEXL,10.480538988921921
0P0001FIAI,9.38241044259152
F0GBR06OW2,5.877067908061239
0P00014OA7,6.243245502279277
F00000OPT1,13.102315885894543
F000014XWZ,6.370883275235552
F0GBR04SN3,9.72499814389466
F0GBR06A2G,10.922859408161454
F00000OJ50,8.971630249985663
0P0000N6MW,9.880533963104284
0P00014I9Q,9.008516092705515
F00000WPTJ,9.33902864033965
F00000W9O0,7.6012615871020115
F0GBR04WBZ,7.7954165723459985
F00000WX3P,9.053147769045852
F00000Q0V5,8.575657977342228
0P000195VS,13.684122336440984
F0GBR04S0K,15.65481782371829
F00000Y0Q1,10.16782291457613
F00000XAFD,17.589734368943443
F00000YTXY,9.264717215516608
F000013T1B,7.904310462472714
F00000YGY7,9.537901317656951
F00000SVFZ,9.125410833467445
F00000QBAN,8.654393092396218
F00000O577,6.9896355017539085
F00000VUUL,12.000128004064955
F0GBR04S8F,6.777040445952157
0P00013NOW,14.547026940904198
F00000WFW3,9.113854820132161
F00000OWFH,11.304400198081634
0P0000936Z,9.87136698341305
F000002QT6,8.940703654301403
F00000XFUP,12.49487530671008
F00000Q4KG,7.374202399802301
F00000UQ13,8.868024187981725
0P0000PY1L,9.27076743598367
F00000TW5B,15.533194477565903
0P0001E1Y0,10.694796234325512
F00000XHAW,3.06102184345484
F0GBR063HB,6.089592369298849
F000011BHE,9.054952615159255
F00000XYQT,5.242313600600285
F00000NGA6,7.268876715723427
0P00013BWG,6.025918043289955
0P0000SJ01,5.912606049721539
F00000OO7Z,11.400426735229741
F00000JUU5,10.426139497783344
F00000PI3G,11.185064703668706
F000010UCC,12.032508174109001
F00000ZEX1,10.534282045119795
F00000Z4EO,18.19836243615437
F00000WVP3,10.050226416552782
F000014L10,14.8114390706968
F00000MIAH,9.199686858025917
F00000TVHA,10.200776117355062
F00000OMU8,7.7276609520378985
F00000PXEZ,6.264268399549586
F000010P2R,8.297017241250819
F00000JVIJ,13.979769806794671
F00000PLQE,13.568842543516276
F00000SY9W,10.263757878095308
0P00016SYX,5.228241773675388
F0GBR04RWY,9.77816889623928
0P000132HB,6.688742358888159
F000001ZH7,7.774550224870458
F000000F6R,11.037639532353435
F0GBR050DF,12.367099748404778
F00000OE9U,8.02970058932966
F00000TE74,7.714848310817133
0P00008DUC,7.34630445858551
F00000OPVE,17.264933248457833
F000005J3A,12.089516724660648
0P00019ISG,6.027760743256023
F00000PLIZ,9.976005881205571
F00000YQMW,6.751300337228794
F000013T1M,9.23404867930119
F00000Y0PH,8.782791564356826
F0GBR06XJA,11.108326896537392
F00000YZFF,9.550376401670555
0P000019RG,13.34169785974655
F00000ZGOS,11.762365893416545
F00000VDIU,9.122420523089783
F00000WCFJ,5.916207765188368
F00000Z6ZT,9.093168841146662
0P0000M7UJ,4.926027723034141
F0GBR04KL1,7.883621475035617
0P0000HYBD,13.965483707662907
F00000ZO7J,8.41033155121599
F0GBR04N25,10.369953919022764
F0GBR04S6A,9.636517234814296
F00000W91Z,7.670461506108148
0P00016PQS,7.363670801281724
0P0000M3X1,7.430553113215393
F000015QLG,8.911398395671274
F00000JQVU,13.18530937475824
F00000YSY9,8.51492991167442
F00000MMM0,13.237072854582463
0P0000M7U0,13.504698077347168
F00000VDK1,11.862346842737068
F00000T29V,6.5940387496224195
F00000U3OB,13.149812027692656
F000010L52,12.675376914680488
F0GBR04TDL,15.041537879539726
F00000V5JF,18.983139495124657
F0GBR04HUP,10.258478224958077
F0GBR06DBU,10.224178688130541
F00000VBFS,7.655194092673764
F0GBR053BM,8.190907487021857
F00000Y0QN,11.619384811782725
F00000WC33,10.501868602478488
F0000102F2,4.67719361898078
0P00019B2W,11.394280396341584
F00000JVNA,9.013954007613483
F00000W429,9.034942817413262
F00000VWC6,11.199475756637614
F00000OWNT,9.441480346377565
F0GBR04RNU,18.21355201345714
F00000P25O,8.700858515695785
F000001ZFO,11.460660355971738
F0GBR04NRO,9.888675298986863
F00000ON4I,9.73706666167283
F0GBR04BD3,10.45238503096538
F00000W42B,7.633355259814079
F00000ZQJ2,7.424751026082417
0P00014ITH,6.2826787938670465
F0GBR06L0R,8.571241090370222
F00000WALL,9.128908011627384
F00000IRA8,8.34313221149559
F00000WZJN,8.718711305765721
F00000W9SC,13.605780491768508
F00000ZLB0,8.50627707958918
F00000V3ZN,11.08690309423097
F00000VRZY,10.927740820435302
F0GBR04DEN,11.424325203491426
0P0000VWLJ,11.441114785901823
F00000QTR7,11.22099630113089
F00000TW90,9.768740802701034
F000001L7Z,14.58716632192442
F000002KQ4,9.000094002246342
F00000ZOKJ,12.97755302945562
0P0001529D,7.2730112333611014
F0GBR04SAN,8.382486562269094
F00000NRZN,8.815969821991102
F0GBR04C4O,11.860851224324236
F00000TUM3,10.183409475728256
0P0000G5SB,11.55273825238794
F00000VLIH,12.619081876153599
F00000P800,9.161498207881264
0P00011NAQ,40.626667109741035
F0GBR052XC,9.777042476086583
F00000Z0A1,13.471781359832391
0P0000N6B3,9.797701428237591
0P00016SXA,8.992745855410858
F00000ZA08,8.698457880494937
F00000SBUE,6.434448967380878
0P0000TGEU,5.731072778216923
F000002NET,10.061809361378582
F0GBR05TRC,8.3163494949389
F00000T1MV,9.706051388737118
F00000NDPT,7.18557584672959
F00000LMV3,7.77297134412609
0P0000I4PL,14.577292346382185
F0GBR06FZ4,9.212030839019706
0P00001O3S,10.547468316467304
F00000OL8G,17.94725065391616
F00000YRHO,9.468715808079017
F00000U3S4,7.191945057322889
0P000192KG,6.066746747471304
F000010L94,10.41402809616683
0P0000TSES,42.10657657297369
F000011S1B,10.619733097526428
0P0000YQN7,10.578460316185435
F0000003FT,10.343435763139475
F00000Z4XG,13.86341600280139
F0000108HZ,9.523697366795714
0P0001BVGN,8.945927939006669
F0GBR04INV,7.819764172281332
F00000WBSY,10.230711142434473
F0GBR04K8B,9.210364629269817
0P00016GNP,11.582283393963756
F00000RFWJ,8.09687825093674
F00000MEQC,6.41970489433992
F000002IO3,9.239449069095828
0P0000LYID,15.092473004990211
F00000XO6I,7.191122029354261
F00000W9P3,11.235079396260572
0P00019OG9,10.855451593724943
0P0000N6C4,5.694195074903022
F00000WNAB,6.780849619361077
F00000YJQF,5.76796301570526
F0GBR04DF0,10.173318326397517
F00000N75V,6.5388332554311015
0P000170S0,11.24303915122842
0P0000OOBY,5.833296760912311
F0GBR04TXT,9.147317782257486
F00000WSN2,8.569976632291558
F00000UP3S,9.227348635553327
0P00016SDA,8.099087884930825
F00000W029,8.889476634492308
F00000UPGY,9.472013645589188
0P0000N67V,12.07782201303089
F00000OKF1,7.497531879601736
F00000452R,16.156895273487628
F000014PGV,7.223642921190407
F0GBR06G1O,12.114989125286764
F00000MWK9,27.009516462558555
F00000PXKJ,4.452696207912022
F00000VHGM,8.362911877461876
F000001XA5,8.857685966057657
0P00015DQP,7.695147737666289
F0GBR064G3,6.214432449696701
0P0001FHMH,11.271601305526888
F000002QN3,8.834909093755114
0P000160T2,4.526343332920737
0P0000XZOQ,11.12558636621466
F00000PHNF,9.536849626466342
F00000Z4YZ,12.265736509142451
F00000P0J3,10.478655770779005
0P00016SM2,20.771141577535065
F0GBR06FA6,6.580208787462653
F00000XAQN,6.176246917965769
F00000P2VZ,8.479992856490476
0P0000J4J6,10.014814887295303
0P00016T4F,5.158555266055259
F00000WDT8,12.126296905492374
F00000PUHR,14.605639475143125
0P0000N6JE,11.569448044507697
F00000YWJH,7.862303869501505
F000005OTJ,14.025028367734595
F00000VKCK,13.747148049494072
F0GBR04VKO,10.597047010599203
0P00016T2T,7.519407158578358
F00000YYF8,6.947714534616092
F0GBR04C3M,8.690475112273655
0P0000M657,9.617462769608963
F0GBR04B82,12.330086458501794
F000002X6S,9.608721415867135
0P0000M7CN,23.894384268894033
F0GBR04ASN,15.263778783641486
F00000Y0PN,12.073342395149021
F0GBR04NFK,9.45523694329676
F00000TY7J,8.797441906392747
F00000WAP9,9.229144448669445
F00000OUPL,10.766616949776136
F00000OLKC,7.983515976258863
0P00016RYH,8.028217993289834
0P0000GH2M,5.846798076176321
0P0001K3U1,5.470598819485001
F00000Q3KX,13.632229035126525
F000002OFY,10.75956542352151
F00000X5B0,11.394257320604547
F00000Z4XV,12.747011893513125
0P0000GH2W,7.396722066646161
0P0001618I,4.464320115236562
0P0001CKQ3,9.321005343727608
F00000OVCU,8.285611621372032
F000000QXM,14.405658628534564
F0000000RT,9.419298255587433
F000003XRA,1.406410398759241
F00000MUTN,12.462353257606381
F00000MMN1,17.046310703315925
0P00016SDC,8.604917621890944
F000002T5G,9.469592478519457
F00000Y9DD,6.771633767899449
F0GBR06DIZ,7.77433423438439
F000001ZRV,12.605077215826618
F0GBR058RV,10.950526892467119
F0GBR04CG8,9.193181201959144
F0GBR05534,6.090932243801188
F0GBR06W8L,9.222642129473284
F00000YCGW,7.98781005215293
F00000LWOG,13.843656064432961
F00000GVVN,9.498296200240732
F00000WTF1,10.112962718559302
0P000090LF,13.237018224421883
F00000QGBR,10.32135232213479
F0GBR04GWY,10.11529889805648
F000002YDI,8.647707197781688
F00000MIC8,5.557214610849326
F00000OPVD,10.108380186930926
F00000SPTQ,7.247091552442166
F00000YE5J,9.275880515213677
0P000153HN,9.64529381096549
F00000ZNZX,12.092810017008203
F00000LO7P,9.900082363457281
F0GBR06Q9E,5.892595962089494
F00000LOE6,9.570359039130881
F00000J72I,8.959873032354656
F0GBR05ZUV,8.867113949585812
F00000QG07,14.881391771359544
F000000H7S,11.400847118609173
F0GBR065OD,13.862762662839682
F0GBR04RXO,9.884977505234641
F0000000MM,11.696149218388566
0P00001AMN,12.043571375349003
F00000UI4K,12.68932593422186
F0GBR04AGM,11.39890978678068
0P0001F1UW,8.84640504819949
F0GBR05ZA5,7.243022654341119
F00000NGS0,9.603883919993883
F000010N8N,13.445779055609169
0P0001FI60,8.658905740994914
F0GBR04S30,7.931422772279292
F000002NQ2,14.66622208555803
F00000SK17,7.521298046484675
F00000UO5E,8.09945230303382
F00000YCDM,8.781338677200642
F00000PG3T,9.092729333183954
F0GBR050AU,7.050271267505315
0P0001C5VI,8.195914644938405
0P0000M2W0,9.499534090935237
F00000OO8C,19.82653345317665
F00000204S,9.659393901158454
0P0000M86B,13.738562651458471
0P0000N67R,12.098640290841901
F00000NGHV,9.317767848851972
F00000P0RK,12.143322989558662
0P0000ZL0X,9.79110414055948
F0GBR04AWB,7.555591026590334
F00000NO5N,8.199988119932305
F00000WZX8,8.986239877608957
F000003WVM,11.41851657281372
F000001GU4,10.541509519990608
F00000M78M,17.543168462660454
F00000OQ2C,21.748307680373514
F00000ZPT5,10.545333286194145
F00000YCVS,5.893091996233163
F0GBR04M0X,8.985646412036118
0P0000RTGY,6.308050984600739
F0GBR069OQ,4.127823076944366
F00000VELO,8.809389267539608
F00000ZJYG,11.412898981113313
F0GBR06OVV,12.578869099156602
F00000OIGF,5.958598688650157
0P0001DB32,10.040454948276853
F00000027K,16.74307318315933
F00000P8MD,7.527436538921249
FOGBR05LNS,11.30776195860828
0P00016TA3,9.997996281815144
F00000P5TK,8.449219630839867
F000000LKJ,25.074828758189906
F00000PSVU,7.861574508577193
F00000PVTQ,10.704035170404312
0P0000WFGC,9.025012278221915
0P00013JDV,7.591015036714863
0P0000SGGX,7.742474299831278
F00000VDTH,6.144131072526998
F0GBR06644,9.946402915034698
F00000YYHZ,10.275407325370933
F00000TXO6,9.278891687623409
0P0000ZR09,6.513529648017028
F000003TIM,8.217811736891134
F00000Z4YY,11.718871158612485
F00000U25X,9.555423914551609
F00000MTPG,14.763522310789993
F000013L8H,10.372859976122507
F0GBR06MBF,17.435771046035818
0P0000WTOZ,1.4319915673248078
F000014MM6,8.474663509790812
F00000VOYU,11.31037512803709
0P00015FG2,15.584325030102468
F00000VPY2,6.581303872255319
F0GBR06UG0,9.676439844774073
0P0000HHIL,8.941865685164467
F00000Q405,9.825676015328884
F000002K2J,9.41495829195383
0P00016TB5,12.324148601695763
0P0000Q5M6,9.347203544190464
F0GBR04KGT,6.821468670656694
F00000XGYT,10.739153974404216
F00000PG6M,8.880627912165368
0P0000RTCA,5.558785374559047
F00000Y9GX,6.505670530983844
F000002432,12.755843707114984
F0GBR050JU,8.4439241314446
F0GBR04S2P,11.089947817246824
0P0000XAP2,9.192516266380796
F00000NGSE,8.107988436543048
F00000OMU6,7.4717008902097275
0P0000N6PS,12.08741417493159
F00000VI1S,18.26617065046976
F00000VS1Q,9.339137029698186
0P0000X05S,5.3950365462095675
F00000O28K,16.810219145034885
F0000140FF,18.48051259492759
F00000YQNI,6.615753720738537
F00000YD7J,8.604563751846277
F00000NG7G,6.698129289617701
F00000IQR3,10.728444812459546
F000013T0P,8.48888969110811
F00000RZ76,25.63529380468599
F00000OJRT,10.637061170668082
F0GBR04HTY,11.765362964558753
F00000YQSX,10.86746775730604
F00000UP83,9.748307188207137
F0GBR06NYU,10.941107455020449
F0GBR050E5,9.05491003765511
F00000Z9WC,11.417213931515414
F000002A4B,13.670602915889976
F0000023SJ,10.59621166719967
0P0000XLF3,12.518546028626623
F00000YXCQ,9.759048984589926
F00000U2AP,8.660582321672479
F00000OXFZ,9.580124720703784
F00000OXGY,9.790367632567353
0P000183WI,6.803419231126405
F000002A2E,8.36339330395316
0P0000M6WF,9.065937385047922
F00000P0WU,9.979540679169899
F00000P8MP,8.720440501614897
F0GBR06G7I,8.846527700753741
F00000X6FB,9.88609692648439
F000011S3I,11.47755099870008
F00000PXHE,10.742821863417861
0P0000RXYT,7.612811131279279
F00000QJGR,14.094947231291586
F00000O61R,7.497961401000192
F00000TJD2,12.770349615249467
F00000PQUA,6.519410665798736
F000000L26,6.43396913746436
F00000O0OG,9.438622056091399
F0GBR04RZ1,11.30017637567914
F00000ITHR,9.363451418469891
0P0000KNQU,6.627456680593434
F00000WS0I,16.272264988328452
F00000Z1OP,9.588821040823428
F00000UIK9,12.054189065135512
0P00014DUR,13.037770541151538
F0GBR0555V,6.084959337972477
F00000QU2W,16.209402299159763
F0GBR04ARA,13.65576942185856
F00000S6EY,11.723116787895936
0P000132FO,8.86468885752901
F00000WYQ5,8.568887994934276
F0GBR05XJL,11.044987234434284
F0GBR066JK,9.360162764999817
0P0000NC16,7.673525146787305
F0GBR04T6Z,13.36931631156359
0P0001FIAL,14.793866057059503
F000005EUM,13.094861152508374
F00000YYI3,10.350636900787807
F00000SJT7,9.91286364083611
F00000PEW7,9.633415394028123
F000004074,8.297290928275192
F00000PVBP,0.4633858222666758
0P0000M7SR,11.42674297671714
F00000VOAR,11.017841979675184
F0GBR04CDN,9.760965304299924
F0GBR04AWX,10.839678797531015
0P00013P1I,10.151692513326672
F0GBR04AOA,14.57605181768339
F00000OO5D,10.454762673372386
0P0000WFUF,9.124391214006057
F00000UOBQ,8.93980111269471
F0GBR04RWH,10.705737448835814
F00000PBEE,9.02902638021999
0P0000M83L,7.788444539588764
0P0000944U,19.399073297061587
0P0000N8RF,10.64550921256955
F00000WKK3,10.469987547610565
0P0001670U,20.201530276913708
0P000187F5,9.528465977337616
F00000LO95,9.358122620233212
F00000VSAQ,11.017204509100672
F00000SCJH,8.880993017231965
F00000TQOI,17.909497532085865
F000011S12,10.456697789393088
F0GBR06IL0,11.887842578869648
F0GBR04FID,10.83061171769745
F0GBR06FKY,16.89670912751567
F00000YMMJ,13.83310058795969
0P0001901O,7.815852531800556
F00000WQBQ,14.085988899191488
0P00016PRV,7.700785940608452
F00000UK92,7.976374847084258
F00000VEP4,18.824245934091852
F00000YQNN,6.622102598378312
0P00016T9H,5.8858362289086426
F00000N4KH,8.958126845769595
0P0000N69Q,7.30725496024199
0P0000NAK7,10.64739949616985
F0GBR06PS9,13.994307329357099
F00000QK7X,6.631469314205511
F0GBR06I60,12.55902455338392
F0GBR04S7H,9.970025655941953
F00000SJA1,8.585706348388484
F00000SFIL,5.182572779262969
F000010BBJ,8.89981949664563
F000014ED2,7.468697210742251
F0GBR04S4A,9.661331555996673
F000001X3Q,11.076204810506095
F0GBR04K6N,14.960116824535833
F00000ZLQW,8.831201554965993
F00000Q7QX,8.348760248759154
F00000XL5Z,12.161487935955455
F0GBR06OUF,10.093752919716305
F00000PZHQ,8.759532967030967
F000010ON7,5.2784214871419435
F00000YR61,9.264379500373282
F0GBR04N0U,10.253974761972774
0P0000LZYM,10.212303205059223
F0GBR06KI4,9.311936902080163
F0GBR06KJX,9.679069330405127
F00000WX50,12.287550370054626
F0GBR06GP5,10.115613140789629
F000000FEO,6.394199085877227
F0GBR06FYT,10.669826013823167
F00000WVK4,11.990583977145842
0P0000Q5LO,9.972175996983635
F000010O03,8.155774082845031
F000005F0X,11.912438582209187
F00000WNA0,6.35650829294081
F00000T56B,10.770932008395862
F000005PKQ,9.999945483260133
F000000QY4,9.488344541978973
F000003U96,9.228992135850183
0P00001AMH,9.838269896190775
F00000W662,12.59953406494361
F0GBR06XHN,9.629128845733161
0P00016SRM,9.671393494377618
F00000VS2B,8.860396940308089
0P00016SCW,12.236383188008533
F00000YB8I,10.590852808550041
F00000Z9WA,11.517072178483222
F0GBR05ZMH,11.872200048685526
F0GBR04KKI,17.788089908100964
F0GBR04N6N,10.418339199432506
F00000XIMV,4.609658700595059
F00000OPUO,9.725870005311595
F0GBR04SJW,11.659523331327089
F00000Y8DT,15.291461303774389
F00000Y0PP,9.523203179397624
F0GBR04M00,10.03865090136612
F00000Q2J6,11.258531913466122
F00000OWQ3,8.2207307243828
0P0001FHMG,4.575006269292917
0P0000N5XT,5.512083902756068
F000005HAD,7.01365802514886
F00000LNT8,9.94257380328396
F00000W34G,8.524295625939999
F00000VP7P,10.062467422653421
F00000NH0O,7.741878274093243
F0GBR04AQI,10.617271639388466
F00000VKPZ,8.489802159077435
0P00016SI4,8.255374998513453
0P000151IH,7.220188122667831
F0GBR05Z2I,8.03986895333237
F000000RT7,8.156569563030363
F00000ONHY,10.610958097121857
F00000YP2L,11.450863816531427
F00000MSMB,14.561993887446322
F00000MWVN,9.159878338740459
F00000XHLN,10.060354293459213
F00000ZI6I,12.259966247734049
0P0000K9W3,7.35576165692077
F00000VPXG,11.420369889507528
0P0000NN97,7.71135303044626
F00000SD2S,9.389801820948708
F00000VZBH,12.465660816823327
F00000WOYZ,11.334724005189155
0P0000KM5B,8.837177275411428
F00000TVF4,9.631128283507087
0P00014OAA,6.285270137891238
F000002FEK,12.15622730500306
F0GBR06BQZ,8.972556200238813
F00000OXKE,9.362564769406454
F00000ZA0B,8.757299950157462
F00000NQA1,6.894758550715399
F0GBR05ZV7,8.482212691930275
0P0000XOIE,7.360051291662463
F0GBR054PZ,8.515073888984045
F000005H92,11.880431437319384
F00000ORKO,10.302000606125347
F0GBR05TRG,7.6204541732489774
F00000P0VH,9.551319638886296
F0GBR04TZ5,20.44663513555664
F00000ORRE,15.081850005729057
0P00016T8N,5.210207817972938
F00000N60T,13.54996209235505
0P0000M81D,6.092899315777646
F00001100V,6.142424677703404
F00000NGL7,6.5459078282968655
F00000WADS,8.218601158969227
F0000025LP,13.276478592572015
0P00016TAM,7.999216348174528
F00000W0Z6,16.16882818569339
F00000QT55,8.749853861424837
F00000OJ8U,12.515550364238425
0P00016SR4,10.38843980820647
F00000OKGN,14.347820515790735
F000014RDR,13.699666032779707
F00000VP26,9.518894403582955
F00000YNKT,10.342995103567734
F00000UNY3,15.82139909145637
F00000OTTN,6.99564429825298
F00000WVHT,15.092699358062598
F0GBR04RNJ,11.457955231705181
F00000TULW,11.096959875431457
F00000S3TE,9.430951570122595
F00000JWRB,7.32544158391981
F00000NRJD,9.082741100762194
F00000Z3LG,11.936892457658223
F00000WSH9,9.751180948251037
F000003T4O,8.917075423838044
F00000QQD8,10.581003705800782
F00000OUYC,9.135369519083582
F00000OPX5,11.624912854922758
F000000I4N,8.400996554870613
0P0000O8TA,23.6789914142898
F0000028T4,8.488344429448796
F0000027AE,11.145971124776494
F00000WOYS,12.074259321458438
F00000Q0GZ,9.32206976140127
F00000210X,11.825982503755842
0P00014E82,9.040489790515934
F00000W8QW,13.545659061146116
F00000QE6B,6.986941995508246
F00000XDT6,9.09893866300275
F00000JZKL,9.795218155046438
0P0000THE3,9.20992510593879
0P00013LHI,8.649865636970087
0P0000N67T,12.185271378321572
0P0000ONBH,9.260663872548148
F0GBR04SKI,8.953369270369047
F0GBR04CGE,50.32433923485816
0P00016SSL,8.62649116648336
0P0000X05G,9.040062901667103
0P0000X1U6,10.350039358812948
F000003YCY,11.08469833633629
F00000PG6E,8.51110199489619
F00000MWIC,8.347656446641421
F00000PTLN,10.56384626465876
F000000F7R,9.418952611320782
F00000VWFI,10.243799725771352
F0000118J7,10.389884154013119
F0GBR06HZ6,11.423065139820523
F0GBR04YZ0,11.344415649294206
F00000VKNA,9.794013109982227
F00000MMLX,13.064189426808385
F0GBR04TVV,10.066361938617685
F000013IMZ,10.020487179138284
0P000197B8,9.474498013099787
F00000Q9T9,8.50794156168366
F00000QM7J,12.429678453577017
0P0001CY5K,8.738310507001788
F00000PJXV,10.627237263096877
F000000RD0,6.4567764034267086
FOGBR05KP9,8.088576260134486
0P0001EDKM,9.003517658494353
F00000PBJV,11.630009083203193
0P00013LFG,9.233641931829952
F0GBR05WP8,14.336193003882647
F00000UIHN,8.88621813984934
0P0000WGAO,7.185963805463519
F00000TEKM,8.487069227238697
F000000DUV,6.81567880047148
F00000LOG3,9.675451240576855
F00000OTJO,9.956645051200995
0P0000TZLC,6.206797233217466
F0000000LG,10.68370102462564
F00000W6D6,9.67894817627195
F00000SFE6,9.341297308701428
F00000WHOE,5.9025861832092525
F00000VUUZ,13.468595972059294
F00000VT26,8.215329931489388
F000013T2R,9.671440720365815
F00000TVH1,9.645425861513678
F00000X4DV,7.88129109155798
F00000VCU9,8.6985893016493
F00000XZK1,10.351006194620377
F00000VBFW,7.652306259081166
F000001ZX7,8.654034786629838
F00000XIAT,9.314179278484302
F00000OZTQ,9.037416982142348
F0GBR067HA,9.446923441701026
F0GBR04F8U,12.428604539715574
F00000QLBB,7.202174840393872
F0GBR04AY3,14.23665419337556
F000001WE2,6.137349085858759
F00000JUHN,9.05313893472102
0P0000N69U,7.2227069048339985
F000011HXO,7.577203371279238
0P00015GSM,6.3393818888583375
F000000LGG,12.087154898152725
0P0000G5SP,11.42657757537716
F00000YX7B,9.985747679037672
F00000SX2F,8.472999470662026
F00000QIT6,9.81428608446021
F00000OLCD,13.31943306032216
F0GBR04AYS,11.321464949448291
F000002NQE,14.467871882987579
0P0001AE26,28.850915956907443
F00000Y4HV,10.835596547482233
F00000TH36,7.573282761357267
F00000X5SQ,10.481663532245758
F00000S86T,8.712204879563178
F00000PBK9,11.51372551818916
0P00016SCX,12.882759147728091
0P0001CKPJ,10.387710247765842
0P0001039B,9.949831062188569
F00000H3UE,16.303894304307146
F00000VYA4,15.192694617680981
F00000P0HK,8.95927847681768
F0GBR04RQ0,6.91486364573144
F00000ZEDI,11.498202642081372
F00000JYBO,10.957828786851477
F0GBR04FR7,9.414519112143367
0P0000ZOVU,6.791443855880058
F00000Q0NJ,8.008874060920462
F00000Q1P1,7.5914323459077915
F00000QNUD,22.393373261694
F0GBR04CPS,6.169469687241092
F000011S3F,11.503758684256432
0P0000MEHW,9.758268549239103
F0GBR06TLY,8.61317486800909
F00000SBWH,9.979700553022283
F000013ES7,7.17412146450013
0P0000JW3B,8.695294312525526
0P0001618J,4.471015343341247
F00000XXV9,12.486440409181894
F00000PGKC,9.25159958439205
F0GBR04S8V,6.196774698337961
F0GBR06MIL,8.767775778892346
F000001VP6,11.336498328181936
F0000139QW,12.542721740058559
F00000JYZH,9.846248742113692
F0GBR04CJ4,7.214350993710293
F0000001Y6,11.410296123388829
F00000MO92,9.219209219570477
0P0000HYB5,7.187084811593889
F00000WVPF,9.856068273224441
F00000HHG2,9.381132433111981
F00000SFIM,5.1959905771747446
F0GBR04W5T,10.225555318514992
F00000H06C,8.8975496491242
0P000197S9,8.720540949364407
0P0000HYC9,9.261421479410544
0P0000NBFO,13.350412499986662
F00000N4DR,9.93547223124006
F00000QLND,8.268503867020495
0P0000M7ZY,5.782169359450235
F00000MWJX,9.553322592513387
0P0000OOC0,10.593430664416378
0P00015EIH,10.030852127453432
F00000SK12,9.919974634705321
0P00013BBI,9.26889237105098
0P00013LPP,8.795131505574725
F00000M9AX,9.374368851284522
F00000WYIE,8.682245808912274
F00000OWOT,8.779407915491237
F00000OL12,7.338790343407913
F00000TFH8,10.45744218924546
F0GBR04DCE,8.99582745560565
F0GBR052JL,10.795071555793418
F00000W83X,8.713558751074393
F00000OZHM,9.964337793031216
F00000XAFH,17.621356779257102
0P00011NM5,10.029270061107045
F000003WU9,15.796468223592157
0P000151TU,10.821574990998043
F000014I6C,9.764866053496384
F0000002PC,9.735592308527494
F000001AKO,9.202199826448911
F00000OOFC,10.047159493410291
F0GBR06FYC,12.929052325382115
0P00017T4E,10.159970945288352
0P000151TP,12.472164626382712
F00000SCLA,10.64931136649366
0P00016L8N,9.315764341102522
F00000MJ3H,8.561426465081382
F00000YF3Y,15.476800065099216
F00000OXKW,19.91966355012291
0P000132CG,8.29938053186104
0P0000TGHX,8.32335852525421
F0000025P0,9.67140477783006
F000014F0B,13.05950527674924
0P0001BL0M,10.823575127142082
F00000UICK,8.774652764175773
0P000147E9,8.099374164114241
0P000157DU,14.538455234698004
F00000Y63Y,9.324628478837434
F00000J88C,12.960006679625353
F00000MYM8,9.876438893704963
F00000WB7A,8.949319835055563
F0GBR04SC3,9.293959400567033
F00000YSYF,8.875285082928093
F0GBR04RS2,8.338265284372454
F00000W7D0,9.623923855178798
F00000ZKWG,11.095891111288578
F00000ZG5H,11.941658104246311
F00000JOD1,7.780092188979341
F000014HIO,8.00414986069922
0P0000N6IP,10.132835457144699
F00000Y7T3,6.8785866944453105
F000000DJH,25.715673251381492
0P00016Z7J,9.962383179519167
0P0001FAH4,8.175115273673683
F00000OO58,10.69594035887564
F00000OB1F,6.142402918369184
F00000H56B,32.72736010819393
0P00017NJM,5.877543029205343
F00000UH72,8.634074628277984
F00000Z3TK,8.881151382709064
0P00014JN5,8.42879959709971
F00000P5TD,8.544875509985319
F00000OTUD,8.41592516381497
F00000QG19,8.555756196219258
F00000W1S5,8.764286947554561
F000002EWJ,9.19472447514126
F00000OZTY,7.083852090912993
F00000WE1D,3.856591304350383
F000010L3O,17.740080878516228
0P00012N03,19.43547099545633
F00000LS41,15.731628966584442
F00000MWSK,9.16380320127642
F000004669,8.137597122663761
F00000GVNO,6.531624023569624
0P0001032E,9.099688977887538
F00000Y4IZ,10.918083729123273
F00000OU9I,16.043227340479447
F00000ZDWO,9.979461087224154
F00000VY9Z,13.86986843976319
F00000XXI5,9.767893530393982
F000001K2E,8.139278501651956
F000001T3N,12.809906657525174
F00000H3UN,15.742257787254703
F0GBR069OV,8.733619896184543
F00000MNLV,10.393275644138377
F00000WFQR,9.718412193974187
F00000YSX8,13.491985783831518
0P0000Z1FM,10.748353800281414
F00000WPV9,7.626023187794709
F00001100P,6.1031060976307945
0P00015TTI,8.453658477354475
0P0000WJ76,9.031640398846346
F00000S6FS,11.73699156585757
F00000P8TR,10.444811195850344
F00000VCUE,9.020218352195746
F00000XHEZ,12.698239465809234
0P000173AC,10.08770956684495
F00000ZY66,7.799735455245404
F000002JGN,7.159876984635115
F00000OUPN,9.046510983811842
F00000YWGR,10.72828506246548
F0GBR06TQP,13.34973104478249
F00000MVQ5,13.537547756143661
F0GBR04AOM,13.334755537589052
F00000OUIQ,7.55967901893305
F00000YDBN,9.654219061101742
0P0001BSUO,9.024245621306761
F00000YE5O,10.487279342251062
0P00015TAG,8.326892864412478
0P0001AM89,10.193224030371972
0P00001QAF,9.534983658088105
F00000HGSO,18.68139159586461
F000004622,8.76593539201361
0P00012SKS,19.4180614516296
F0GBR04AIU,9.720692305516922
F00000WVQS,11.403081753312975
F0GBR04T1Z,7.342740996797447
F00000OB16,7.521016455558485
F00000TG39,14.242323198143977
F00000XLC8,8.851628191767064
F00000UISB,10.893191336113814
F000001EZR,5.295830815905325
F000003W5P,8.59758188784152
F0GBR05XGP,10.272403483628835
F000014GG8,12.566107371774164
F00000W9XC,9.022843404524313
F00000ZISC,6.29885169637965
F000002MLW,8.800547026203743
0P0000N68O,11.551152195929271
F00000QO9Y,13.92808144031973
F0GBR06U6V,21.772664698972306
F00000OBVN,12.89343440156211
F0GBR06IE7,14.604822286670615
0P00000I60,7.7185645341556155
F00000YGNP,7.7773286217962925
F00000SGH6,11.917280718964431
F000002X9Y,9.04605872026067
F00000P0TU,7.970880703486452
0P0000TXJL,7.522510359389217
F00000OU8J,9.31248342143915
F00000X3BN,10.081602397792544
F00000PR38,11.718475991992998
0P0001AO1Q,8.924392473768233
F000002IQM,6.686335804368041
0P0000N9CT,8.965252020522982
F00000PTYC,9.618233955054794
F00000QSAV,10.763079014509323
0P00011NAE,11.979892693845512
0P0000TIYO,7.7766214344869065
0P00016SUW,7.532298276788141
F00000VUJF,12.617681110864591
F0GBR059XZ,8.259472805277728
F00000QDS9,7.324379426285976
F00000X1YE,9.1137773463023
F00000PKH9,8.837122025403627
0P0001AW6Q,6.647301934553479
F00000SY4F,7.363890660401909
F00000TQM2,8.479954347079302
0P0000XN9W,18.24711459545956
F00000R6PB,9.769138593964367
0P0000N8RA,8.041644061146632
F000010C12,9.60498864933585
F000000ASM,8.940643926049214
F0GBR06OFX,12.69796700407599
F00000QNWT,7.538597539458084
F0000020S6,9.970930017676759
0P0000JWM9,10.077236152942575
F000005OM7,6.59799975944322
F000013L81,10.263703601883178
0P00016SPX,15.511968598051626
F0GBR04N8R,12.974866885536718
F00000W3RG,10.828764316386032
F00000V7T1,5.187729428332282
F00000PXFC,5.136459073522155
F00000Q64F,10.643156218817369
F000010ABA,8.452139709955151
0P0001A3TW,8.828039434782383
F00000YIGC,9.862841581378722
F00000OUU0,7.192040877727489
F0000005ZA,6.149513126074552
0P00013WPO,7.907595294656015
F00000LODL,9.35372795107546
F0GBR04ARL,7.947447956930518
0P0000KWRC,7.9884478908407335
F00000P8QG,14.866046920932328
F00000YCD7,3.1005988907118938
F0GBR06FO5,12.403024188611711
0P0000ZFA0,8.921040647233255
F00000461U,8.55841597788151
F0GBR054S7,9.6243452246055
F0GBR06XRP,9.429463595904622
F000002TBJ,9.329464639298026
F000000OUS,25.279324863187068
F00000QTRA,9.045389575734623
F00000JUH3,14.471060492782138
0P00017T4T,7.545223139908129
F00000UH6N,15.155293425094635
F00000M9M1,14.751120562125797
F00000WOFC,10.240420722036973
0P0000N6M5,14.09073482103723
F00000UH6T,8.680224861367039
0P0001EF0J,11.140456176357473
F0000004K6,7.245006304903479
0P00017W41,10.949652189607962
F00000PWRI,10.24037454327115
F00000LOE5,9.563809484564882
F0GBR069D1,35.1195820593047
0P00000KG8,6.6452189567111395
F00000XGRS,10.867376288497761
F0GBR06IWJ,6.262903169410428
F0GBR04DQO,9.336407811162532
F00000JZKR,10.071806196204534
F00000PZDN,10.71436110734242
F00000W1OZ,6.829000453688242
F00000TVKO,10.209491999775793
F0GBR04RUC,7.2940998387550655
0P0001A1YY,7.54683243924231
0P0001477K,6.575163703845429
F00000RJA3,11.561413341094658
F00000SJWM,12.031136682337914
F0GBR04SNK,13.417963250022241
F0GBR04V83,10.30101481912938
F0GBR054AS,13.706533863343688
F0GBR06O1O,8.220814602860154
F00000SX1T,8.44674194563314
F0GBR04C4A,11.95649180959258
F0GBR04TBL,9.082551477134755
F00000VIEO,8.657126454489612
F00000S8GN,9.506963203502623
0P0000LZZC,9.739944209522603
F00000YKJ5,8.070172273191442
F00000WL1L,6.361728213345303
F0GBR04ADB,9.622632358553837
F00000W6US,8.633402760563548
F0GBR066YF,7.375088701478588
F0GBR05AFT,10.504791493781628
F000002BRJ,14.102441776629062
F00000PFG8,9.092705109697988
F00000OSWC,11.845583130926746
F00000YQH3,8.648312481916923
0P000019TX,13.183557793939617
F00000WQBR,14.057767916590906
0P00000KG0,11.16309977512096
F0000021OO,11.249895648073371
0P0000KLDO,9.426107736144035
F00000P7RK,10.28718358109332
0P0001F1V6,7.071596116278998
0P00016TAF,5.39012723881038
F00000XNF3,11.775530263443999
0P000132FU,8.839522834453915
F00000PXI2,12.511933062348577
F000000JZ3,7.048765304070734
F00000NESU,11.587524814906004
F00000PBKD,9.842232402214995
F0GBR04H9O,10.259207532272802
F00000ZKJ7,9.650052492694474
F000005O6U,9.235824670724744
F00000QTRX,21.121508846494894
F0GBR04LHJ,8.299942862538456
F00000XFR1,12.590905240365077
0P0000XFDB,9.263268113927204
F0000000VR,14.972786561910087
F00000OZF1,9.340113089005394
F00000099Q,6.128920636265398
F00000VHS6,6.2334668115748695
F0GBR06OV3,11.150404329792067
F00000OXMB,10.819453796678673
F00000O61Y,7.610597800480487
F00000QTS4,8.329337044309735
F00000TXY9,8.914398234220721
F0GBR06J8G,8.55837197541652
F00000OPY9,4.231594349233994
F00000PTJC,8.640359716189163
0P0001039O,16.160990301668797
F000011TLB,6.440927701501616
F0000102K2,15.19961589388719
F0GBR04DJO,7.446472553923118
F000011D5T,16.270557755490362
F00000ZISA,8.918835491862383
F00000YQFC,8.883486973037389
F00000XDY9,12.774376484847979
F0GBR06EW8,8.549618293103533
F000000AW7,12.883930493142637
F00000VDRH,9.026408189330168
F00000LOB2,9.359378738197995
F000002KSU,9.796982289414691
F0GBR04TSB,5.82605474302358
F0GBR04WIC,7.947297763565702
F00000LODF,9.418182973968504
F0GBR06GID,12.217817441017365
0P0001BKZG,10.448895431036977
F000002IRC,6.194644059385878
F00000MEXK,7.211571101971044
F000011RII,8.917551679039708
F0GBR04KMV,9.840687636053818
F00000OEPS,6.178639773328185
F00000TV2B,24.896128932645677
F00000PXKF,2.4187460958485225
F00000MEQK,7.931802451487825
F00000XJDY,10.089455752685765
F0GBR04D1A,12.991346127489123
F00000ZEJ8,10.313183272784839
F00000VIEF,8.728762308272328
0P000153I6,7.711041215313434
F00000283E,10.897938066270262
F00000SK38,10.578429232894623
0P0000N0DR,4.482041030641754
F0000028U6,12.946258434384145
0P00012HHA,11.056047457749434
F00000OUR5,9.292332925433296
F00000OSVD,7.073912612011218
F00000V9H0,10.419912383536916
F00000S86S,8.700752769582023
F00000YMBB,17.918561958863286
F000010UCF,11.973817993338752
F00000PXHV,6.915956576674195
0P0000N68X,9.710774177139546
F00000P0QK,10.864663935386494
0P0000NBFP,13.281770044543308
0P00001AN5,7.338745609487508
F00000P2VY,9.078081242271475
F0000022QQ,16.795984278915455
0P0000X9H8,4.137267018283987
F0GBR06FXB,10.794895817656226
F00000OOLN,9.693929523811502
F00000YIG8,8.61449678069802
FOGBR05KLL,10.601864005817951
F00000X7BT,8.543481187662682
F00000W01C,11.361435467495648
F00000OEGD,10.063825565270198
0P00013LFH,8.099219278946896
F00000OQA5,8.847536614173036
F00000X6VN,6.558884725336924
F00000SCIZ,9.376212986883692
F00000PEGD,9.385499392872676
F00000GUOW,11.532696092917377
F000000RTK,8.107899691712646
F000002IQK,12.853712800452422
F00000YRQR,8.731818732433815
0P000134SF,8.545823398445117
F0GBR04MNA,10.874987996130562
0P00017ZGU,10.473341790566986
0P0000N6J5,10.682359154501674
F00000OZTX,6.6375522088392644
F00000Q5OJ,5.958410853383057
0P0000ZEUH,10.675760931864106
F0000045O7,10.749318631154429
0P0000NIEH,9.442782285019172
F00000ZQ25,8.393102488789532
0P00014DLH,12.01397446351871
0P0000L33Q,9.212862376905784
F00000P30T,7.2818981774621365
F0GBR04S4N,12.89860738077597
F00000QECQ,9.46349524013552
F00000WLLM,12.407659584791297
F00000Z73R,8.883650468919445
F00000QTTD,7.168140572840477
F00000TE6W,9.949336001726872
F0GBR04CPQ,6.876366988052814
F00000LO7Z,9.952526573769536
F00000XS0D,11.044158254603696
F00000TJD7,11.79631782578963
F00000VA6C,4.298812127182126
F00000W5JH,9.509226201472964
F0GBR064NW,9.727424567830772
F000001XA4,8.873186874477659
F00000MMRV,7.061977529554914
0P00016CZ8,6.637306684715155
0P0000IUUF,13.217721739361908
F0GBR04EAV,7.203329195459963
F00000MWK2,11.607714694255284
F0GBR05B2Q,10.542256979837138
F00000PHFN,6.843872438855481
F00000YJYY,10.433117805004105
F00000OO5L,6.979434980990689
F00000W8MY,7.862366340946045
F00000SSTM,5.415410911181953
F00000YSDB,8.525884019106428
F00000SK41,8.245073480129298
F00000QJ3Y,14.571213081861929
F00000Y850,9.10669276114459
0P0001ANGT,11.275132732449707
F00000SK3R,10.445715315307403
0P0001CX9D,6.203071183070483
0P0000N6CW,7.720147528353437
F00000QIP7,7.131389184565376
F0GBR064NV,9.708486869301838
F0GBR04HO1,9.073275270340433
F00000VCZR,9.954180371442801
F00000U2AT,8.948946112667679
F00000099M,10.205480508016734
0P0000SIGV,10.184805388845765
F0GBR04DZ5,13.90575715218085
F0GBR04M0F,15.13070728557104
F00000OU7L,9.886415587007969
F00000SJZ1,7.462330246201321
F0GBR06HY0,6.917826777151316
F00000WUQT,9.288721727417194
0P000153HO,9.664598737713597
F00000022J,10.893818504441883
F00000U45N,6.430362677205404
0P0000OMTC,15.877114610919326
0P0000UG5D,9.115696178406498
0P0001AP9A,8.957235960936071
0P00016NEW,7.845156703019075
0P0000J0NO,10.960402674659425
0P00017G5Q,11.010915842703517
0P0001CRKJ,9.12353369917283
F0GBR04V81,10.919929365135667
0P0000ZVJL,21.346316609467685
F00000Y4P2,10.208188429754472
F00000M9ZO,13.692287461188203
F0000006QG,8.322024079452278
0P00017NJL,13.93966902398748
F000014I6M,7.675601647189177
F00000XYV2,12.154015691203034
F0GBR06OW0,5.796683347770342
F00000QTM9,7.066376441268941
0P0001F1DW,8.753408771847743
0P00016ZI0,8.372567480399205
F000010P2C,15.695366367849882
F00000YRHY,8.521730412417947
F0GBR04IB0,10.177733958897019
F000005GUG,11.429949276608802
F00000P5YW,9.006210450634219
F00000LJZ7,11.305573313811975
0P000131H8,15.43773086957095
F00000V4JX,12.955514287762037
F000002P4J,5.890784963628259
0P00014ITS,6.535416451322853
0P00001PIM,6.895442977486933
F0GBR04VRT,14.632358689363876
0P00010222,10.904921323834454
F000000L7M,10.332109123427418
F0GBR04B81,22.60134339854646
F0GBR06KPV,7.873460361116317
F000013T1U,9.064340375468904
F000005IX8,10.290182716627628
F00000S5VI,8.55274840732803
F000001VP5,11.219229522128073
F00000P7MR,9.498095536478951
F00000M7S7,7.127723996419439
F00000ZDVD,7.411794913466523
0P00016T3V,8.526107859693461
F00000SPTP,7.248722852615669
F00000NOEA,8.609975600413511
F0GBR04S58,13.395080813386478
F00000SGUN,15.87895864521483
F00000MCE3,10.376502266111348
0P00012S7D,6.827042815146678
F000002SMU,10.77097914178714
F00000P8AR,20.791022730483792
F00000OOR7,10.638455176396016
F000010EMU,9.66615958253392
F0GBR06XQO,4.659712803018413
F00000VHBM,28.94365847199199
0P0000N6PK,9.684562474057547
F00000J3NS,8.475356520313913
F00000JSYT,11.400510338706344
F00000ZQFB,18.048738863946895
F0GBR04TSF,17.02751144984327
F00000O7HZ,7.526012430123198
F00000MO0R,9.322478494088033
F0000003Q7,10.325192989655298
F0GBR04W6Z,10.424653605627329
F00000U4I1,9.079483918825856
F000000LD1,11.58398360856039
F00000MWSY,9.86451440032208
F00000W7CR,12.265602887103537
F00000PXFL,12.191443922941641
F00000WWTA,9.744989063385074
0P0000SX30,11.778235660001487
F0GBR04EBD,14.384820696162603
0P0000M2VW,9.141154620868642
F0GBR06806,14.706408918510293
F00000Y660,3.151654797565381
F0000139KH,7.7000745684125205
F00000YXNM,5.221472489361814
F000001VR5,12.01622310937618
F00000OB85,12.980755365172277
F0000007OS,18.480717304655336
F00000WAYZ,9.014233104831643
F00000UDM2,8.493874461271151
F00000244P,14.2898407178757
F00000YPQR,9.20830404313568
F000005O6P,9.307759834625394
0P00016SKO,10.570320173618818
F00000XYQV,5.482466092481621
0P00016T2Z,3.9565294430914997
F00000O9KW,9.314683217427207
0P00016T7U,5.7086159683456295
0P000132H6,13.24585881194525
0P00001R7S,11.72209468160515
F00000OXIS,7.386671780862558
F00000YX7C,10.034888576739922
F00000SVCI,6.9051309539143
F0GBR04RRQ,12.107735284621993
F000010A4V,9.574573889521359
F0GBR04D8D,10.834543960479984
0P0000NN9U,9.468184749084061
F000013DKU,9.338137871045834
F00000PA7I,7.916543597809633
0P0001AP9H,12.007071739063706
F0000003CR,13.298500537100983
F00000VM8K,10.072794770903098
F00000Z0AK,13.518644039627965
0P0001670T,20.704537380856802
0P0000UVZC,8.410639951382226
F000000115,10.870886470342716
F00000YNEY,6.4720425698909025
F000002572,9.981837280185758
F00000WA2S,13.082764639027552
0P000132J1,16.221927770425616
F0GBR06G72,10.481994516043068
F0GBR06X0B,28.59183906099475
F0GBR04WIF,10.014367816638822
F00000QJKH,13.568832546410334
F00000Y5IV,7.627506572315841
0P0000SR4W,8.999553066383728
F00000OXGV,9.748095215335725
F00000WA59,6.017408610453764
F00000J43T,6.020471125017311
F00000Y5GV,10.530609907486518
F000000JK3,10.745114125390641
0P000094CM,14.741491145869505
F00000ZF7A,10.389749811544815
0P0000M86J,5.774939245110184
F00000EXOR,26.33846797394778
F00000H3UO,15.978264584607828
F00000YSZZ,9.355028864601847
F000002458,10.169868226506598
F00000OCSM,7.2004396798813755
F00000NAIF,6.646955542287854
F00000ZP6L,12.201494716214537
0P00001AIF,5.704624555420902
F00000UMTC,11.884405695200684
F00000LWRS,10.28951697703645
F00000XASU,9.056829857226587
F00000LNAE,9.231560404694713
F00000RM5B,11.317278466700673
F00000ZP8Y,13.583869456407449
F000002Y9L,19.35545542762628
0P0001C5SM,8.945703930113128
0P0000MOCB,5.890826586596928
F00000V332,8.837853700225027
0P0000JP7R,11.287134745260351
F00000ZWRN,10.49866776991497
F0000020SJ,10.610645249634132
F00000MX2X,6.808529130243146
0P00016SVT,5.226482546114648
F0000040OR,19.05589322398247
0P0001B4ZM,8.26539480472812
F000001GTH,9.996139820913513
F0GBR06M4B,10.974691413080027
F0GBR06JIS,6.903356764480988
F0GBR04S75,8.818157484134083
F00000ZHP7,14.603652327392146
F0GBR04CVW,11.663218352698165
F00000Z53B,15.596556832492077
F00000MTBA,11.507505935384186
F00000QTGW,8.603636496060858
F00000PXER,10.101368288203659
F00000SYA0,8.904786468374827
F00000MMLY,12.974350181479714
F00000SK4A,11.181455518182375
F00000P0VF,8.133650466077862
F00000OBJF,7.446883386947388
0P0000Q5LP,9.93414870435901
F00000YRQK,8.209505941646627
F0000009IV,10.22210629226526
F00000NRH7,8.160691265760752
F0GBR06HVF,11.576606887793238
F00000OEPZ,10.884581900579182
F0GBR04AG3,9.481644610710275
F00000MKF0,6.855279859423716
F0GBR04SCX,8.372060184346326
F00000YCDL,8.814802134691956
F000000S5E,7.2911553501476565
0P00001AW0,16.25398941259084
F00000Y4OG,18.509039038537054
F00000ZCU4,9.111771147459526
F00000PXHA,11.62447184049843
F00000U4I2,8.938228785405215
0P00014GY5,8.229283716722325
F00000IQR0,13.503235175290808
F0GBR05XBD,10.609673200908933
0P0001D4IV,9.739718685248752
F0GBR04EV4,12.880700911690305
F00000HLGE,7.224846727469914
0P00017VK4,6.916850455281939
F00000QCDY,10.412818315282639
F00000T8D0,7.753208927967332
F00000MA8J,9.376575288036335
F000000KBH,9.376995314362853
F00000TVH9,10.236293948541432
F00000NISQ,5.85339712820157
F00000PJ01,5.839934445550108
0P00016SUC,10.884086310375636
F00000YCU3,11.676387982065224
0P0001342N,4.750383715168717
F0000000RN,12.179936360560504
F00000QP6R,15.745344539303682
0P000151TI,9.686604811437432
0P0000ZQNV,7.137531903078961
F00000OYNX,8.86458978035587
0P0000RTGW,8.757725249320139
F00000Q0EW,8.583829758942196
0P00015YTQ,9.461171983323725
F00000NRBR,8.823910217813488
F00000NQ9X,12.30043548239845
F00000NZN0,9.459496869682793
F00000HHG0,9.36305896758827
F00000OZ67,8.670949958904819
F00000OZ46,13.772001715604095
F000000F5W,15.393393851370243
F00000VT1M,9.109155698609785
F000000OUH,12.695291839503405
F00000QU99,10.502479117703002
F00000MMKP,15.562024958394641
F00000U623,12.686220028310903
F00000HKRN,12.551413822100205
F00000JUHW,9.82944951521248
F000005HDR,9.719237532948219
F00000OUYE,9.277991171149507
F000000GXT,7.94353110463904
F0GBR050CS,9.052085111216753
F0000003JM,9.840097540631843
F00000PE5O,6.932094285832377
F00000YXWT,5.358420250879366
0P0000HYCK,6.183367062829249
F00000JSAB,6.316678391586996
F00000NBYJ,8.772684775034435
0P0001D5HX,18.236298282577277
F00000LKIG,9.044033288707348
F000002NU7,6.4977140939175895
F00000UIL6,9.828008378505757
F00000NAFU,6.9587271794401895
F00000W8PO,10.110183488959693
0P00016ITA,4.293573867377176
0P00015XJ8,10.091436179345362
F00000OZTZ,7.094502464189939
F0GBR06M7Z,8.327463920518815
F0GBR050AY,6.118574817028298
0P0000G89Y,10.018243239079506
F0000022BB,5.997451804393355
F0GBR04CEB,8.956542885225689
0P0001D5IN,8.760617114780475
0P0001CX9E,6.749152754141366
F00000JNR7,12.138617816408377
F000013T1N,9.133214076520494
F0000000L0,13.465952286852357
0P0000SX3P,6.345978116043865
0P00014ITV,9.317790775815217
F00000Q4AX,8.987630963002546
F00000P9GO,5.023572687254383
F00000OTU1,7.91951102863421
F00000YD2R,6.166411862197211
0P0000J112,6.994003668994094
F00000Z1OU,13.686855310091179
F0GBR06GT6,9.382742067892384
F0GBR069XB,7.504648292435683
0P00016NEX,9.592866294678128
F0000112TP,6.228886053801516
0P0001AJ4K,14.28088146394804
F00000QILU,12.784797366686107
F00000YCQT,11.726474243685908
F00000MZFH,8.826550867205883
0P0001D4IY,10.573482299753325
F00000UIDF,8.772941638468827
F00000PA7H,7.986204135537289
0P00016SPS,9.211924937803847
F00000YKLS,8.853951176524333
F00000QJ5A,7.903798587366731
F00000ME7F,10.364880741664447
0P00016SWE,21.544442392943065
F00000YG9H,8.417104207354528
F00000X57E,6.949611049013246
F0GBR04AUX,17.48775012978767
F000001XHJ,12.051007141595365
F000010P2S,8.253996990853294
F00000T343,16.358782314570647
F00000O3W4,8.472440679860103
F0GBR06O0X,8.861447980593832
F00000VBON,7.993384639396621
F00000OYE4,13.057405303821175
F00000PLJB,9.1422520542242
F0GBR05512,11.45801421293217
F00000H6EL,5.524808268456095
F00000P0EU,8.83709493791856
F0GBR06C7K,12.218553321750191
0P00016N3Q,8.628695288504797
F00000T5QL,6.362421492886984
F00000Y0Q5,7.360334728278608
F0000025OG,10.58509182341211
F00000JWLI,17.300649886735382
F0GBR051NK,11.045942056433342
F00000J5I1,6.960020973266462
F0GBR04SG5,19.566561665388036
F00000X5CJ,8.911025171823464
F0GBR06OGY,6.029463867085743
0P0000SJP8,9.561484964069733
F00000YD2Q,6.149215798719282
F00000ZFZE,8.46315280279269
0P0001CLYS,6.212654457162377
F000000FEP,23.37493067133621
F00000YHW4,6.859718469912217
F00000YXWR,5.955826741215645
F00000W3OF,8.450867852696534
F0GBR06FY1,10.59114528654764
F00000XIYX,8.800140340107125
F00000YME0,5.491528412852047
F00000OYNM,5.3539879958083105
FOGBR05U56,9.343558637521493
F0000002PO,10.135797495858457
F000005I4R,4.058575601331394
F00000XS0G,10.955715335955244
F00000VWYU,6.461050901574421
F00000QHNC,17.848283921601038
0P0000X05I,5.88622372564858
F0GBR04BBY,11.359245122088481
F00000PY81,12.543519818293472
F00000SSUL,11.456555228562097
F00001431P,17.907757811344727
F0000002SC,10.100808955598922
F00000SJSM,9.723033220517578
F0GBR04ELG,6.779116909059142
F000000NWQ,11.692227208988308
F00000TJD0,12.727865560767809
0P0000IWNB,5.162715902984068
F000001AE2,7.83685706319803
F00000QTTK,19.258008677868904
0P0000UVZI,9.182195012556605
F00000ZF2U,27.73834321147279
F0GBR04N99,9.407956861213858
0P00017NJP,13.213791440165203
F000000QTT,9.523766241634446
F000014PEW,7.002379847496524
F00000LODV,9.439188453993276
0P00000K7S,13.755625439261447
F00000WHUA,9.099751986720136
F00000Y0PK,14.460954835362918
0P0000KNQL,5.159360692976512
F00000S0G6,10.088033864604345
F00000W4N3,10.68622052962723
F000010L66,8.513085325569742
F00000M8J4,8.3194759426951
F00000SSRG,18.6083807152582
F0GBR04MY0,8.861187214837432
F0GBR06FYI,12.900483959554123
F0GBR04F0R,8.594903759764508
F00000YEFI,6.627223656636224
F0GBR04LGV,12.490613028917277
F0GBR04C35,10.4089146279335
F00000XAQK,9.367007720203002
F00000YWSZ,11.836788644805258
F00000VZGK,9.896967139586845
F00000VBU0,9.079710865880859
F00000WW0W,12.765569217241952
0P00017CI2,7.871252175388504
0P00017NJN,6.251529834882135
F000002QXN,13.90304690502076
F00000QIT2,7.5047610426152485
F00000PG20,8.770754513355778
F00000YLY5,9.4892557504649
F0GBR04EP4,19.4819356729353
F00000MEXN,7.543503253535502
F00000UDK6,17.678390486302117
F0GBR05395,9.786829777231569
F0GBR05VCQ,9.474207869711666
F00000Y9YT,10.566048891767199
0P0000UVZJ,8.921407553325889
F0GBR05PUA,9.357077845628945
F000013L9W,8.188539031696662
F00000WNYS,8.884373822829906
F00000OO8U,9.33890407811656
FOGBR05JY6,13.17842260748423
F00000U55X,14.296037888427096
F00000NKAD,6.30902460798076
F000000L86,5.452725508194384
F00000OTJI,9.859932262785492
0P00013LPD,8.565891694675576
F0GBR04BVW,9.364780701011458
F00000OQOI,18.85564150602097
F0GBR04TX1,14.488613864087997
F0000118JI,10.500970986351946
F000003THQ,6.003688174854971
F00000GVOY,6.540341628913471
F0GBR04GHM,7.771474506805688
F00000JUKD,8.302038530168076
F0GBR05SLX,8.748641768266532
F0GBR05ATP,8.96071101282669
F00000TFHC,10.536468172553333
F00000XD0V,9.163793108276376
0P00018CYH,9.186649181084364
F000010L4Z,12.715812568462344
F00000QBO2,8.90967705637458
F00000ZHJV,8.631581868132667
F0000000K5,10.418174466440327
F00000WM3Y,12.225922289029235
0P00015QB1,19.880786574005484
F000010BBK,8.895674639998548
F000010EMT,9.759549153667459
F00000MWJY,13.23027789899081
F0GBR050LT,12.914045390116996
0P0001EHTB,6.226910142856327
F0GBR06K9W,9.119244095978747
F0GBR06IK2,9.485099953864289
F00000Y4YN,11.121032329496254
0P0000N6LP,9.895255738631853
F0GBR04SGH,14.883266602417057
F00000SX23,9.59483556332086
F0GBR04HVM,12.381035200586767
F00000PJ3E,8.639725637482924
F0GBR06JPR,10.640084104380687
F0GBR04RVD,10.674771352467081
F000000NWU,11.881850293761559
F0000045K2,9.67265777412678
F00000Z4PN,8.079578918311533
F00000UOCP,8.865387411227873
0P0000OODR,8.73693177955936
F00000S6F1,11.969399526338773
F0GBR06IKO,9.060766712721826
0P0001CLZB,8.89785680937177
F00000T2A4,6.6245035121988805
F00000U4PW,9.568458616596383
F0GBR04ELE,9.821911663179913
0P0001EF0I,9.134221667160594
F00000WG97,15.77760951633996
F00000MR1W,8.207402051022713
0P00016Z6B,10.014511509360783
F00000P9YJ,22.312035301080094
0P00000MRP,13.14084115813437
0P0000NN9W,12.413984177393807
F00000LWTH,11.308699615005288
0P0000YYFG,9.900822489608784
F000000F7T,7.452285856058617
F00001100C,5.945687340886754
F00000XC53,8.53657907194962
0P0000Y5NI,12.965113238697631
F00000JRWX,8.927363972197542
F00000QGYS,9.580889836652373
F00000QP19,8.398673758442337
0P0000SM1A,5.842998466201475
F00000S6EE,10.70246850270466
F00000P0VD,27.52421247477447
0P00011EXQ,8.522667639891187
F00000XQLZ,11.596763796654535
F0GBR04G0H,10.370063268576576
0P0001JYDI,9.22888248691141
F0000008QF,8.859645819345323
F0GBR06HT6,10.319325253749737
F0GBR04VA0,13.090887163325434
F00000SKX8,10.20300334971609
0P0001CKO3,13.347945380219258
F00000YZBE,10.428844360855214
F00000Z9WB,11.411633699518337
F000002JUQ,9.967698422953923
0P0000M80I,13.843851605471468
F00000QKGA,10.040949767147959
F00000X4G9,8.416610656203027
F00000QAKK,10.115196306953882
F00000PVHB,10.07267748072504
0P000094CL,7.798947602749428
F0000005YJ,9.890213752528165
0P0001JSP8,9.1191090402874
0P0001A1JN,8.108844649689043
F000000LJE,24.963098149118565
F00000MHJE,7.114401242092394
0P00016T40,6.378567154656277
F00000VF13,9.595800831346587
0P00014L5C,8.42879959709971
F00000OU7O,12.542762477968584
F00000X3FX,11.17380398917287
F000000JRW,11.520923395920365
F00000VDIF,9.161152954531971
F0GBR04IBY,11.098126112717427
F0GBR06K3D,10.551989778475393
F00000YQH7,14.063816351252278
F00000WT7D,11.090552655956218
F0GBR06DAF,5.450171576170208
F0GBR06L2K,9.467797288354648
F0GBR04SWV,14.084919057312122
F00000OTJH,9.945429674348018
F000014I6I,8.29594284838217
F00000UIHS,8.936180147664926
F000005F1C,10.264748926741257
F0GBR06IGV,8.935185366585749
F00000Y96Z,10.12633291478466
F00000PLJ2,6.843175294084837
0P0000N5F5,10.20195099766514
F00000VDJW,8.770255823356688
F00000QIFN,17.686124424865525
F0GBR04RYR,11.955348725617466
F00000MWI7,8.04061929871695
F00000025B,7.2865405538590995
F00000LQWG,13.839449119767
0P00014B9J,7.443769261813226
F0GBR04VDC,7.838654890568286
F00000YNJT,10.22171639606324
F0GBR06M4I,9.705242256776497
F0GBR06G74,10.492001517843695
F0GBR06O3Q,6.652558653177615
F00000OYWF,9.158139235027948
F000013ESA,6.7264984969802954
F00000NXR1,13.637325476749314
F000002IZ8,11.279183369267272
F00000W29L,7.86307048571487
F0000000K0,11.504952731530983
F0GBR04S4W,14.068880448632145
F00000OJM3,6.370577665970946
F00000OTTZ,6.270220496938576
F00000WOOC,9.940572200982816
F0GBR06KHB,7.057913407546609
F0GBR06TY2,11.598412752520893
F0GBR069YZ,13.225501661082479
F00000YWMZ,8.796457584772961
F00000EXOK,9.36260722658131
F00000MWVO,9.3568771857776
F0GBR05ZVX,8.789667509316015
F00000WQ4I,5.79449517507206
F00000UNFP,8.766317875363002
F00000MPLC,15.697487348613109
F00000QFM7,12.20208073548089
0P0000GH3F,14.983766708473297
0P0000X05F,9.003937579601908
F0GBR063WB,8.913478132848029
F000000L6M,10.584085980890467
F000011S16,10.473262181158088
F00000T2A3,6.674257657541371
F00000O6XC,9.830186321192963
0P0001H334,4.5417731174396465
F00000OVCT,7.896296130871828
0P0001FKA6,6.1130228776642035
0P0000WX70,16.559736823980668
F0000025OI,11.269405833364669
F00000PMQM,9.858743040879835
F00000OSTW,6.065371621984771
F00000PBGB,9.595395938110242
F000000PC8,11.00645547963616
F00000TH55,9.141270355335315
F00000UKRK,14.041041085206324
F00000PXHN,10.536410362643473
F0GBR04KPS,10.147350041424117
F00000QJ4V,8.16327314031274
F00000SJYS,9.784589595409775
0P00016SUQ,4.593638258066808
F00000QADJ,12.795270572562316
F00000W90O,10.03208144289036
F0GBR04FIW,8.788633464579656
F0GBR04OD3,9.822049112747157
F00000VP09,10.233234196639176
F00000Q8RN,10.095131246731825
0P0000N66F,9.810406120490455
F00000LS3P,8.517070041543164
F0GBR052I8,9.742109977160492
F0GBR04ODP,7.590833894778443
0P00013LPO,8.79415541119126
F00000LWO6,10.313331331424289
F00000XSB6,6.622213795061103
F00000YQTY,8.896000390707924
F00000XO0E,11.286119358160441
F0GBR04BXW,6.006572317382408
0P00016RQT,12.276490105220212
F00000NQV7,11.230668550912965
F00000YA32,10.785689678422532
F0GBR04S9C,11.546600505369897
F0GBR054Q3,6.556046603472686
F0000022LP,18.49609008128428
0P0001377K,10.27120666875644
F0GBR04EBS,9.730443620891348
0P00019WDG,9.527465982979573
F000002ETE,13.294179080243673
F0GBR069XD,5.465092061491732
F00000ZQD4,20.906014378624363
F00000SRWH,5.40801144679652
F000002H6O,12.587655572302685
F00000TQLI,8.782144052809393
0P000135KH,9.184502121507697
F00000ZY5G,7.598230530476904
0P0001ENK2,9.883385154354464
0P0001BMGV,6.64753103610472
F00000OXFV,9.670582123192725
F00000M1G6,9.078042808814494
F00000VPPY,9.53020603087437
F000013PGX,9.080931817948374
0P00016CZE,4.8590264867793085
F0GBR04RNP,15.464737822449834
F00000VOZ1,11.34871641033113
F000002SD5,10.352968633060792
F0GBR05WPY,9.8057824987486
F00000LOF3,9.64204768333489
F000005GE0,16.278242643173026
F00001103K,8.286436918967727
0P0001CY4Z,11.262465778450155
0P0000SAX5,6.474864745421295
F000002ET4,14.000745392562875
0P0000Q5LJ,6.101547800660435
F000010ONA,5.172038580888376
F00000S7JG,12.31661314467141
F00000JWFU,6.66037882334296
F00000VQHK,10.254088568504462
F00000X1S0,7.181906771120047
0P00016SWM,10.63712831613102
0P0000WF20,7.864820899001027
F00000U5H2,10.074918955201847
0P00016SBW,8.172163816474285
0P0001GY95,9.513781994882395
F00000YD2T,6.175531923720946
0P0000NBFY,8.040782785298747
F00000VD40,11.372356037723188
F0GBR04SQP,13.534067743367574
F000002GJU,12.490836494556094
F00000WQQC,9.51312034503099
F0GBR04JLK,9.23922135721553
F00000VDQN,11.432001104636496
0P00013LHJ,8.827762498529994
F000013PGY,9.13299221092527
F00000PXFW,41.33341771108631
F0000028SK,10.672691488554074
F00000WPLF,9.276280050801937
F00000P801,19.44632312936531
F00000GW7Y,9.883516092455253
F000001KYD,20.923292263040835
F00000PVHE,9.897415699107015
F00000XCE0,11.44952023132878
F0GBR059QG,9.689072014314908
F000001VQ1,16.271854993157874
F00000TIYN,12.370515879070402
0P0000SJ56,11.510483433025149
F000013T0U,8.580257349295286
F00000NY66,8.501201698945852
F00000QED3,13.69309315188131
F000005J1I,4.7287156286162615
0P0000VWLO,7.178836226906697
F00000ZD7T,12.214970117858979
F00000SJZ2,10.213237776841122
F0GBR04JPJ,8.889318929367663
F000002IS8,7.797932979223679
F00000Z11W,9.234719552400932
F0000155AW,7.138718278873208
F0GBR0635E,6.8481405920990746
F0GBR06MZX,4.534547091957447
F00000PBG6,20.932095832974348
F00000UIDI,9.001032267486947
F000013INU,9.531565496476004
F00000PXFD,5.178042906521263
F000005J1F,4.853119548424688
F000010OWR,13.860716999419717
F00000PC3G,8.60722941483695
F00000NGL9,6.525626952311638
F00000W62B,12.736711702256443
F000013L8M,10.283944455803832
F00000MPUO,9.650663022382302
F00000OETI,13.354251098085767
F00000S90Y,11.520781180961523
0P00012RW7,10.363192346430878
F0000149AW,8.723270771559946
F00000NJEZ,11.154267099298934
F00000V4ES,11.621486802774825
F00000ZDWR,14.99923322240732
F0GBR05ZUX,8.771665711604328
F00000QGY2,8.999415072777484
F00000ODTX,7.4182130453703135
F0GBR04SFT,8.762099333852047
F0GBR04SG4,15.105115142517052
F000002INY,9.220650032908495
F00000GW7S,6.672901992145833
FOGBR05K56,4.438457864895832
F00000QP51,13.415681500984869
F00000QP1B,8.43275604941133
F0000021A3,8.430447131398456
0P00010310,4.358559358632059
F000002F6H,6.567223539723792
0P0001FIA5,12.597206791686537
0P0000P7ZQ,8.215026234831129
F00000S990,8.55836855379988
F00000ZE5Q,18.327899133536825
F0GBR06M63,8.508597066865146
0P0000W89J,9.603948854873616
F00000QOCP,7.088942176998893
F00000OXB7,8.679650556044248
F0GBR06XFS,8.733362804145615
F0GBR06L2F,9.283148609055626
0P0000TGP3,10.336060808401282
F00000WAYS,19.70484648212158
0P0001ILYT,11.006740790871753
0P00017K9R,10.833607009557749
F000011S39,10.836451441014935
F00000UPGW,9.382393950911773
F00000GXQP,11.366579531746718
F00000WHZK,8.850237265929882
F00000OWI3,8.433009245164763
F00000SK2U,4.140430562298938
F0GBR04SCN,10.686027156726738
F00000QSTE,6.991570709425
F00000VHFE,11.637358713575688
F00000OCYU,13.492298834020646
F000001ZMT,9.40817216638074
F000000D0Y,4.535000596080598
0P0001D741,10.194006267244497
F000010N13,13.250515008603605
F00000SGLT,9.68751781703592
0P000151TQ,8.974912421170187
F00000J4QN,7.6801005417346655
F00000OI8Q,7.4982910035494506
0P00017IW6,9.217100713435253
F00000WYCP,7.939842168580854
F00000OXFY,9.521522211087934
0P000172E1,8.234057680764199
0P0000YWFH,41.07739437723122
0P0001AW6J,5.3468268252575974
F0GBR04MBQ,14.488223117576219
0P0000HOQW,8.583834782148411
F00000V1BQ,5.833710004987044
F0000045EY,7.363308714807676
0P0000O4DK,7.347318731076203
F0GBR05270,9.906953173417385
0P0000M85W,14.539197606636392
F0GBR06LJ5,9.213048254155844
F00000OXFW,7.828389036450498
F00000PAM6,8.137942118488734
F000011D61,16.513463860037838
0P0000G5SA,11.488665557642115
F00000VDIQ,9.0785889153156
F000003V89,10.120622095995044
0P000132FI,8.933692570777433
F00000O7LQ,5.134207563149665
F00000V2IU,11.101052287636481
0P0000M6RN,8.898567140580562
0P00011RCC,14.117481681559232
F00000V3BF,8.905037880729385
F00000HH79,6.951218414933638
F00000VWMH,16.442462504608628
F00000ME7M,6.7571274282394365
F00000QL6S,6.932878354356929
F000002K1Y,9.418573652926478
F00000QLNK,7.5290202310601195
F00000LOAF,9.878894968664996
0P00012S7E,6.9262916778598
F00000JYYX,8.519047798915972
F000013L8V,10.00451863512322
F00000QA2D,8.428495389750266
F000002JQ2,6.43428914246622
0P0000N6HR,7.0675186450601375
F00000YQGG,7.527987138615352
0P00014LE8,8.830529738721973
F0GBR05SHI,7.060200543619658
0P0000WAHG,8.99541046292864
F000010L5A,7.923556830946069
0P00015URC,19.3845016553435
F00000WD9W,7.08054354241186
F00000TW64,6.814547515102209
F0GBR04DTS,11.949393738585583
F00000X31G,15.303772839941438
F0GBR04RUX,9.09473207610704
F0GBR06KRJ,7.496860217361131
F000003ZCP,8.062643128223305
F000010P2F,15.875396526102415
F00000PGEJ,6.945330451918378
F0GBR04NFH,11.630359267199193
F00000VI10,7.737312019346344
F00000QGH3,11.998248598064242
F0GBR06GIH,12.203590083441192
F00000V77Y,7.623618706610095
F00000OUJG,10.827507677257364
F0000151ED,8.124812472117043
F00000VD05,13.362530194474054
F00000TULL,11.02977131654377
0P0000I2AL,7.643507586691576
F0GBR052FV,8.489926744141686
0P00014IZP,7.114535456244942
F0000107PE,8.63334845014087
0P00001AMJ,7.732044935652223
F00000WC6F,9.712169070538884
F000002AP8,15.769164695598715
F000005I1M,10.984641520281553
0P00015DQF,11.398168574606736
F0000007ZG,11.322234113161771
F0GBR06DQU,9.108086782338756
F00000NPYP,7.767497490267099
F0GBR04RM3,8.391237600259679
F00000V340,9.577900009633185
F00000YVHH,10.1712786202442
F00000MWI5,7.836864658397795
F00000YG9S,8.422524243430566
F00000XAA2,9.409147834938159
F00000Y63W,9.314814648727507
F00000TQLF,8.852615307702779
F00000ZEDH,11.530148263642195
F0GBR04J0K,19.502496239947405
F0GBR061JY,11.102749857817807
F0GBR04SFG,12.942920978450838
F00000J43V,6.112384727252956
F0GBR06CDW,10.010216361186272
F00000WQTY,8.872484729132045
F00000QLM6,8.929594634308822
F00000TP3E,17.71829624285738
F00000QM6Z,7.567381958640329
0P0000YVSE,19.457795896636778
F00000VNB3,10.990160615809645
F0GBR050G4,11.859531309348254
F00000U5HE,9.986206051623228
F0GBR054PR,11.284721664053603
F00000PH03,17.842958068260046
F00000XLYO,9.359653730816794
F00000WX9A,9.469791870093246
F00000Q7UA,7.487981326366756
F00000OYO0,7.995951656981148
F00000QHOV,8.65343941382014
F00000TQM4,8.408466425691955
F00000UQD0,8.588493555918836
0P0000SSC9,14.35435215818056
F00000YG34,9.526483742357312
F00000UG3S,7.436630536295735
F0GBR058RB,10.081706405220213
F000003UW2,8.861816967936097
F00000ZO79,16.523729113439256
F0GBR04DFY,12.691519653492575
0P0000SDKA,5.665370528711201
F0GBR053C1,7.914911093149741
F00000YCN1,7.9345246477972236
0P00012S82,9.329070371521317
F000014I6A,9.920806013847738
F0GBR0570F,13.426364063838664
F00000JOBY,9.97101394724313
F00000WWQJ,9.01553541754038
F00000MZDQ,13.14892177732141
F00000Z2HG,11.453119423576204
F00000WIMF,18.208909557993856
F00000X0ME,15.352505363419045
F000000S53,10.07002272018639
F00000VIBL,20.704674356718428
F00000SJYT,9.774170825157393
F0GBR05530,12.742001425445968
0P0000M6QV,5.172598466959622
F00000VTUO,10.466249399408678
F00000LX1K,8.457854414048732
F00000NMDN,8.311314389707277
F00000W1L2,10.416845411250938
F0GBR053M5,8.26580521001774
0P000153I4,10.5260386015775
F0GBR04BS0,10.537910111123105
0P000015Z4,13.54865470751427
F00000WDDO,9.384184892499023
F000000KVC,8.05706673348559
0P00017ATR,13.321494609419322
F00000LJKX,5.350025452805064
F00000ON9S,8.850002520503066
F0000118JE,10.460661017913388
F0GBR04RXW,8.83533520635061
F0GBR04SL8,10.496909978836436
F000003XHH,11.448884488596223
F00000OPVF,9.93585159113823
F00000WL94,14.875191010725985
F00000SX3U,7.330614584074213
F00000VZEG,9.64267420479773
F0GBR06W8G,21.286969154990917
F00000LZ6C,4.7502018453064805
F0GBR06W8D,14.678001636927467
F00000OYYF,10.81332350340841
F00000MMZZ,11.524598796855924
0P0000MXGH,6.4027606872091285
F00000TV9K,8.527084665195899
F0GBR04S6B,9.650536012967825
0P000146ZE,10.036180930870685
F00000SJTB,9.93943645088496
F00000YKLT,8.917551679039708
F00000JUKA,9.648296549284266
F00000PXIG,12.955346190555778
F00000WOY4,13.655580691119159
F00000XDAC,9.618052941097194
F00000J73R,14.934582482089377
F00000WKVG,4.497132940378608
F00000QTLW,9.984155256574494
F00000ZY51,6.740639941012294
0P0000YVD5,9.311922487854437
F0GBR04MY8,15.039280511920643
F00000PTWR,14.139743551335377
F0GBR04EBZ,16.546787317376886
F00000QJZJ,9.030197034629298
F0GBR04CQ4,9.77855710137524
F00000PWRJ,9.913711463523942
F00000P0VA,13.49898119352878
0P000168A6,9.906449099402774
F00000PVMC,10.660334504136138
F00000WL90,14.857372077633741
F00000MCDZ,10.594879486019213
F00000N4PE,10.360970700775534
F0GBR068AX,7.009916201339569
0P00016SU5,5.961261855123139
0P00000IZO,12.070581264105808
0P0000SSX2,5.660330634388866
F00000MPTB,15.568412006031005
0P0000TVVY,5.742234604202232
F0GBR04NOG,7.3791627426460895
F00000Y974,13.726195433323861
F00000XBWL,8.347485798076617
F00000XL5Y,10.998715610312223
F00000Z0GR,10.053980771918011
F00000NOG4,7.178893915525939
F00000PG42,10.430587841678816
0P00016RZ6,9.102744221380924
0P00008DU9,8.40550007292979
F000002NYU,16.613302091775967
F00000PUB9,11.0984030541639
F00000JQ83,10.692636159184728
F000014P7G,8.465754760313052
F00000OZQI,9.499117731219844
F0GBR06L5M,9.380534842426261
F00000HHAW,12.381511977761805
0P0000I59S,8.955287912805531
F00000LOB0,9.379048645312976
F000001AA7,9.147944275320402
F00000U4CT,8.394998652145768
F00000WYF8,7.895398115774496
F00000MC3L,8.693344137882528
F00000MB2M,8.165808797681622
0P00018WVA,7.5255101136392994
F000014PU7,10.178530000995757
F00000VBEU,9.926339106115307
F00000QG2W,7.273349222285087
0P0000WAHF,9.768750318499816
0P0000JO13,12.431256607132367
F000010OUJ,12.326946632837021
F00000UDZI,9.629585324729103
F0GBR04RT5,9.18007000417051
F00000099R,5.986196183578484
F00000UPHH,8.346967479568553
0P0001CN3T,8.287004370011264
F00000NRHO,11.719264769227294
F00000Y0QP,8.849904797456887
F00000OQ2G,21.62349760608582
F00000YZS9,8.196413494825046
F00000VU2Y,11.083912262825297
0P0000N6CK,5.831099364492427
F000002ILN,10.754678203484858
F000000OO0,4.832283548168919
F00000P8DG,10.698578341389696
F00000WQ4J,5.767956535371609
F00000XZIX,12.275482745730415
0P00019794,9.495817796726481
F0GBR06XPO,7.069482643299059
0P0001BVG6,12.614742440550135
F00000MAVM,10.998116039402785
F00000M1A2,12.95570098050307
0P0000IZNX,11.102775152661282
F00000WUY7,11.493625555718326
F00000YNJQ,9.817974770662644
F0000020AH,13.868763186229382
0P00013BGL,10.05614659580353
F00000VMNX,10.574606695804034
F00000Y4Z2,9.240964911015881
F00000MO6X,12.894999459950206
0P0000SM0F,13.024085045417772
F00000UP3H,9.199700550305144
0P00016RPN,12.194095745823617
F00000V1AU,10.347760848255533
0P0000UAIR,9.482164219933418
0P0000THEC,9.222326250371077
F00000MJ9D,12.867007152636132
F00000W8B1,8.139565667665329
F00000UIC8,7.3990963446633256
0P00016SCJ,14.43339713656714
F00000NF9R,12.37419850600656
F00000LLVT,10.064696138455192
F0GBR05Z8B,14.474519019884477
F00000MWKD,9.217804367342394
F00000Q17T,11.351147463328811
F00000MZ7B,6.889146638275676
F00000PAKR,7.989792140550266
0P0000UAIY,9.539774635150543
0P0000P32G,8.487906918579196
F00000ZXOA,9.039834280398638
F0GBR053FR,7.66528205886971
F00000UIDL,9.004887127664457
0P000155EF,7.648561052638336
0P00013BWH,11.849381760981338
F000010BB8,9.778009467477117
F00000V60D,12.801686406134584
0P000132F4,6.313947501551079
F00000YWMQ,8.282865804446914
F000014PEH,10.012461625721375
F00000JUVZ,5.9852496291175985
0P00013LHO,8.836490046219442
F00000PXFY,41.053598380850666
F00000QKXZ,11.987561598590924
F00000VUKX,13.037150767300412
0P0000WF5X,5.813948075691416
F00000VE7A,13.522635744173972
F00000T5LP,12.001569107949773
F00000V4EP,7.070853417204253
F00000Z3SB,8.518745831169552
F0GBR04ADW,7.505071772362911
F00000WRG9,8.937725760584097
F00000YEQQ,8.993261958010704
F00000WB7G,9.602718481005597
F0GBR04XBZ,10.330441064028886
0P00017K3E,8.938543251088417
F00000S50U,12.179626720659723
0P00016SVZ,7.045799137880585
F00000OTTH,9.400006322078799
F00000W79D,8.778574712551519
F0GBR04WOB,11.322835727575503
F0GBR04IKT,11.659650193537097
0P0001CRKK,8.296245876435059
0P00013LFJ,5.183251407481598
F00000SCIU,9.395007969996527
F0GBR06XPX,9.563938230185594
F00000NZFC,8.841838605563693
F000002APJ,20.94503790748294
F0GBR0550M,6.990327310616244
0P00011EXR,8.553089603122332
0P0000N6PP,9.702435880508867
F00000W8BE,9.194412097109394
F00000VH4P,10.119989650430636
F00000X91K,7.999642308146706
F0GBR04T1X,15.034862088739594
F00000YNCF,7.367072362443406
0P0000ZN04,6.43487812906264
F00000Q18T,10.585945776951593
0P00019JNY,6.533293350233948
F00000Y4J0,11.499404381969544
F00000XJCR,8.796159636122376
F0000155BA,8.877635082419594
0P0000M7CU,9.647169401582618
0P000019YP,4.463205302512956
F0GBR04UD7,9.799661828335656
0P0001BMZR,9.190430987435246
F00000Z3G6,18.151855701856384
F0GBR06NJV,6.428005877981257
F00000PBFZ,9.862018864618399
F0GBR04FTB,9.45885957405595
F0GBR058QT,10.286511098373591
F00000HHFS,8.664511022767915
F000013T26,9.831764714388164
0P0000WA5O,9.742170604763027
F00000QTWH,8.159599202973554
0P0001BVGK,9.78667967111414
0P0000XZP8,12.822302391973507
F000005O41,16.652076041508092
F000005J1Z,9.722260081778625
0P000027DI,6.999790487968147
F00000QG2U,7.204393262848695
F00000TXO3,9.390959440015878
0P00016SCO,6.214873952214687
0P0001FHMI,10.489859370116498
F0GBR06U3Q,10.93352784590113
0P00017CIB,8.85052486390967
F00000VTAF,11.494104107645168
F0GBR0548T,11.283799903642299
F000000RTS,8.408992067251193
F00000SVDF,10.768434219245176
F00000H6EN,5.247143655230125
F00000TIG3,6.829410470804483
0P0000ZMGQ,40.933599133425645
F000013VZM,9.63941685052282
F00000PGH6,7.8422746034141495
F00000ML1E,8.342057845606066
F000011G6A,9.925047840853228
F0GBR04C2O,10.482158806451343
F00000PWZL,17.466493801558435
F00000PY7E,5.041893125164132
F00000VQS0,8.132181753292556
0P0000PVV1,8.622316725468702
0P0001CKQ5,9.551856243425009
F00000OWFN,12.315289282036115
F00000PMQT,6.391381362795623
F00000TIYO,12.246133537438075
F0GBR04AOD,8.926811406128868
0P000094C8,6.615056305503655
F00000W8BI,9.54410579011211
F00000216H,5.749033798468989
F0GBR04EZ8,9.676095072468915
F00000UED5,7.675112059126035
F0000023LG,9.689320524827249
F00000XBIC,10.060872917227801
F0GBR06WPH,9.104554495111092
F0GBR06UGR,9.343242079518669
F0000003E8,10.497953478691063
F00000WL6R,7.870769333261407
F00000VKQ5,8.490698641241753
F00000ZDPY,9.467133075440767
F0GBR04MXW,13.395769756307535
0P0001BT7O,7.123377313522271
F0GBR04BD4,11.115149397806958
F000000OFT,10.58381718633301
F00000OIP4,9.394848109300277
F00000N7ZH,12.268666658759848
F00000JUU4,10.288353173500388
F000002A3T,6.544135514488837
F0GBR04DDO,6.697809827243425
F0000023FW,4.4825641363706685
F000004466,10.256248610428779
F00000MV78,5.66864162632188
F00000SJT1,10.622659227662263
F00000OULG,10.244138391134722
F00000OXBY,9.893530226032066
F00000WWH1,26.86283656070018
0P0001FAH2,8.167409949104853
F0GBR0615M,10.819931262538548
F00000MDF8,9.42938815243305
F00000OZTO,9.735103061750138
F00000WZXD,11.20758491716394
F00000PYMS,10.575653144887909
F000000I77,12.29338900452765
F0000003M6,8.669140352719948
F000010A4Q,10.459652535027226
F0GBR04RNG,17.007919996977062
F000002XYO,11.734862927496831
F0GBR04IIL,11.215329295762535
F0GBR059ON,8.807297190746736
F00000HH2T,15.537646909563419
F00000MVCQ,7.848166871014788
F00000W5RE,9.435485754350744
F0GBR04BP9,10.183055995167791
0P0001BP8I,6.000192590260111
F00000VPQ5,9.219084001133568
0P0000THCP,6.564150556505281
F00000411W,6.1982494058853606
0P0001FIA7,12.398500446183398
F000003USE,9.4209261014081
F0GBR04DTM,10.28114041185229
F00000Y5LX,10.73162844043337
F00000OZ3X,6.740901497057149
0P000153I8,7.393511189060998
F00000WJ2M,4.802626653420073
0P00017ZGS,9.54119788280325
F0GBR04JK6,7.871330060429101
F00000Q6KP,8.989676188413267
F0000022RV,8.92442248140284
F00000MF2S,14.85886795473099
F0GBR04TC5,8.302360099914116
F00000ZISJ,8.951719205537952
F00000S76L,8.733355334062333
0P0000UAIC,8.6530680954763
F00000OPTG,8.936444149197065
F000010OX3,9.278632317403792
F00000IRA7,8.39401555905633
0P0001CKQS,10.662170090635128
0P0000I5O1,7.202226342139348
F0000155B3,8.916588116557365
0P0001FI5W,9.426363353720573
F00000X3NO,9.169379159300167
F000002X9W,9.475885357133128
0P0000M87J,9.347511430223587
F00000SJT2,10.435262492241387
F00000WEE6,13.381193551514608
F00000QM7M,7.343812878209909
F00000NUL6,8.54845885293383
0P0001CWZA,9.42256782007367
F00000RW8O,8.850344544604093
0P00014DUK,10.331509481787924
F00000PAUM,11.191528830938234
F00000Z2HZ,8.333032009117138
F00000XVWJ,4.132195256800027
F0000118JK,10.447794724857893
F00000X2PZ,8.067072256057825
F0000026WO,10.44775972796578
F00000NJD8,8.976225342309545
F000010L3F,17.74523839547832
F00000S7J6,9.018066740445501
F000013D3L,7.847457007667854
F00000V90Z,11.924501213188762
0P0001829B,7.966866145189817
F00000SX2H,8.293631833086826
F0GBR04RXF,10.221379037965397
F00000R6QL,9.342506081890912
0P0000F5AA,8.579210901644162
0P000151JM,7.662567872208795
F00000TWYM,19.264133882295376
0P00015EI9,9.236910865796846
0P0001BVGE,9.625270393409469
F000014HX2,12.77826880142682
0P00015O6A,5.513989974562409
F00000V916,6.092019310118658
F00000PGEI,6.940731751832239
F000011PUS,13.380087569158805
0P0000I0IJ,8.019249247363605
F00000YWJJ,7.866839506000456
F0000000AX,10.281401003548693
F00000OWI1,8.479987475496578
F00000TVHP,9.819632011755276
F0GBR063L9,10.641126377613208
F00000QILT,12.711247254837607
F00000QBO3,10.535768699838453
F00000QTTG,8.746985188085276
F00000QNST,7.96621533290185
F00000HLG6,8.20735281012817
F00000PKSO,8.846536555994218
F00000RFWK,8.084167567240891
F00000V2ZU,9.90395306635901
F0000024M5,8.00858231583096
F0GBR04DZ8,8.698252308853649
0P000151JQ,10.292690759050053
F0GBR06JKD,10.237790088082216
0P00016SYR,12.202689259495891
F0GBR05ZUF,9.092158430913713
F00000PBF1,30.19286273728098
F00000Y5K3,12.77972966549977
F000000IYM,9.070427934739136
F0GBR04BZV,9.861782859919057
F00000PH94,11.530179440805776
F000000F7W,12.369101923432426
F0GBR06Q25,5.19654473683201
0P0001EE45,11.130139808272867
F00000SCJG,9.426970366277368
F00000M7RQ,9.486474655549257
F00000PXHU,6.912682489406668
F000013T0X,9.377268544527567
F00000VTYM,9.456203315021098
F00000OKF2,12.959984230792516
F00000V8CM,11.813166799380104
F00000Z74O,12.254282419342832
F00000TX5B,9.539037477907742
F00000PGLJ,10.781806615649309
0P0000N8X6,9.546297181336051
F000002DAL,12.156413828990818
F00000OZQM,10.023650643115271
F00000WE15,6.776561061685036
F00000SJY0,16.582042677093067
F000002317,11.201315864860918
F00000VSQL,10.975477349126864
F00000QTPG,7.612899509273518
F000002J9M,13.467977583162769
F000005IOL,10.403497108964997
0P00015979,9.2307883220541
F00000WVOV,9.985750877361903
F00000PG6J,8.950602798634856
F000000HTM,9.86525957984117
0P00001AM3,9.886190875967927
F00000VFRY,9.222925263466786
0P00012S6U,11.075971002040864
F000013T0O,8.915997210149998
F00000VXRM,9.670352174726013
F00000MIZH,10.70506807047794
F00000VXN2,6.169005189389991
F00000WHGN,10.639300228743869
FOGBR05U5C,8.561681401655978
0P0000I0IH,10.53779162550048
F00000XHWZ,13.218971533966398
F00000RM4C,10.294903862271681
0P00016SCB,10.735364678610896
0P0001D5HJ,8.773356253987911
F00000Z0L6,8.917962528329022
F00000VT1J,9.105561848425088
F00000ZTQ8,7.956618058864624
0P0000N6JG,11.53742287226271
F00000XIXX,8.891744919572279
F0GBR06L5N,9.36899657901976
F000015DPL,12.687170526860399
F00000TNEB,7.512185606700945
F000015DPO,8.528617209634026
F00000YQM6,9.692700606660416
0P000172EC,11.12175883611283
F000001ATM,14.25984616430881
F0000000Q9,8.306863300251193
F0GBR058I1,6.766581910555518
F000003ZPQ,10.190000498098595
F00000VBU2,9.108177718320377
0P00015R8V,12.573090996030695
F00000V33Q,6.713246172506975
0P0000GH3G,5.618934471975744
F00000MO6Y,13.01783321471712
0P0000A2CK,9.35923243043854
F00000SX4N,10.282785028985803
F0000000P3,11.19454825811584
F000000F7Z,13.024717173914286
F0GBR0553O,7.558491855758535
F00000O970,7.4510220260969735
F000001W7E,9.552812079287772
F00000LOED,9.528198982967945
F00000OKHB,11.469822380936066
0P0000M6W3,10.04053756170452
F00000P78B,11.556731686185199
0P0001CC7G,9.44019330581699
F0GBR066BU,18.04554412508202
